sample_key,class,category,family,split,event_count
sha1:00fa8972a4a4169df3b5aa27a05f6151a5278d7f,Benign,Benign,Benign,test,203
sha1:0833825dc1a30c7a47f06f7269eae3c994681571,Malicious,Stealer,Snake,train,425
sha1:17757b821ee9b081fcc142dcc7aff5a147de6095,Malicious,RAT,Remcos,test,55
sha1:17dcbb352b521926002c1c3a607471cb14808bb4,Benign,Benign,Benign,train,18
sha1:1a2bb7d9083f80886e2906db5cf3dd8e5881ef1b,Benign,Benign,Benign,train,17
sha1:229fbb64d4dd347c1d6cab79ce9414a39c7c9a5a,Malicious,Trojan,Qbot,train,41
sha1:31e2f1a6726fde67ac0a641c000af2e2c826971f,Benign,Benign,Benign,validation,221
sha1:3330cd73aa7106c21ffb27adaa0d746bdeee5bfa,Benign,Benign,Benign,train,400
sha1:37b5e4a9e37213f3e5b3e062bc449eef95d0453e,Benign,Benign,Benign,train,477
sha1:401cf8f2eb241fabcdea6ea88047333425ac6047,Benign,Benign,Benign,train,304
sha1:40a813d602c798c1688137214200646f796d9a3b,Benign,Benign,Benign,train,87
sha1:46a8839d1392c437fc5f35b7dae671d13eb3d347,Malicious,RAT,Glupteba,train,261
sha1:4cb92a952f30d93dd2dfc95275121145a87a013f,Malicious,Stealer,Formbook,validation,404
sha1:4e8c4b6e7bdf91ccf0c2f09fc4767c71648da24e,Malicious,RAT,Ursnif,test,274
sha1:50f623da7f4bc5527cbe84c7cf5a98bf1a2bc1c5,Malicious,Trojan,Emotet,train,94
sha1:638d549a24bb0a28e462c70880bf3f979f137cc6,Benign,Benign,Benign,train,6
sha1:68dd37baadb7590b07d6637b883394f3037e7729,Benign,Benign,Benign,test,25
sha1:6bd36e54d7f3cf7d4f599454b505bc58d385ed4d,Malicious,Stealer,Formbook,train,34
sha1:8fccda838ffdd3b28b71c3fba700bf4cbaa945b7,Malicious,Ransomware,Dharma,validation,1123
sha1:9993b385d5ab214403957cea0f314927bc3719e2,Malicious,Ransomware,DarkSide,test,949
sha1:9ada647b2771b926bd68ea50c818fd0750f52920,Benign,Benign,Benign,train,337
sha1:9adfcac27e984fdc57fb7e4b3a1f0822e684b0d6,Benign,Benign,Benign,test,14
sha1:9ba925818ca7a11ab894981cb04d97c1262dfdc9,Malicious,Trojan,Agenttesla,train,94
sha1:9cf06e9ab3b1c0eca09d1621c509601a798cabe3,Benign,Benign,Benign,train,9
sha1:a3bd129ca6c5eee4ee575847dea326ca147b9527,Benign,Benign,Benign,validation,330
sha1:ab5e473cac0f19dc6f56e7b32ac3c4d1018d4e87,Benign,Benign,Benign,train,39
sha1:acfaa06850d7d28da9ad61646b83a6a1910bf2b9,Benign,Benign,Benign,train,85
sha1:b5c1be1a279914cf63c84722aaa6ccf7ab5609fb,Malicious,Ransomware,Gandcrab,train,1362
sha1:c0d4ca0b5ae49ea0232d98fd04724b44cf0d4d92,Malicious,Trojan,Agenttesla,train,478
sha1:c7eccd3b344ad8de0cc2cf913527a01b114b405a,Malicious,RAT,Gh0st,train,282
sha1:d8cb7816fcc2b652df45a8da892d04dd9aa5c45f,Benign,Benign,Benign,train,676
sha1:e19af3020bcdc677106a5952ee2d9ced739b70a1,Malicious,Ransomware,Cerber,train,41
sha1:e1b91fa675e71a19a47792e75308d7f687209431,Malicious,Ransomware,LockBit,train,309
sha1:e8328c960e000c606b36a3887bc5d154afcfc141,Malicious,Stealer,RedLine,train,18
sha1:e8e46000c4d7c11ebec02bf7f256f38c9e7b5c8f,Malicious,Stealer,Raccoon,test,193
sha1:ef5c930520b57736609da4965a2ff52ee39f7ea4,Benign,Benign,Benign,validation,260
sha1:f46ef9ff8d741650bfcdab3034a870d8460b6472,Malicious,RAT,NanoCore,train,423
sha1:f99d8057b51105fa5ecedb6ad72262b635201c5f,Benign,Benign,Benign,test,265
sha1:fe794cf8a4cce92942f1fcc067b38f4dabd4e371,Benign,Benign,Benign,train,392
sha1:ff4b2ef332f97f3adaae9b1d4ffa6c4cef6b2b7f,Malicious,Trojan,Guloader,test,136
