feature,count,missing,missing_fraction,min,mean,median,max
processes_malicious,100,0,0,0,2.52,0.5,137
processes_monitored,100,0,0,0,7.18,2,341
processes_suspicious,100,0,0,0,1.63,0,132
total_procsses,100,0,0,0,39.78,36,488
files_malicious,100,0,0,0,6.5,0,196
files_suspicious,100,0,0,0,267.04,0,16536
files_unknown,100,0,0,0,13.03,0,590
files_text,100,0,0,0,27.06,0,672
registry_total,100,0,0,0,2766.45,99.5,109712
registry_read,100,0,0,0,2672.07,89.5,106818
registry_write,100,0,0,0,40.04,0,2894
registry_delete,100,0,0,0,0.18,0,4
network_dns,100,0,0,0,1.9,0,113
network_http,100,0,0,0,0.56,0,9
network_connections,100,0,0,0,34.32,2.5,1725
apis,100,0,0,0,107.7,42,779
dlls_calls,100,0,0,0,4.55,2,22
EntryPoint,100,0,0,4096,736869.43,42607.5,11145854
SizeOfCode,100,0,0,0,568283.36,141568,11138048
SizeOfImage,100,0,0,0,4456163.58,585728,75047712
SizeOfInitializedData,100,0,0,0,3437528.88,128256,74712584
SizeOfUninitializedData,100,0,0,0,119295.2,0,4465512
rdata_VirtualSize,100,0,0,0,641607.28,15303,31420270
rdata_VirtualAddress,100,0,0,0,1121521.88,98304,59331222
rdata_SizeOfRawData,100,0,0,0,487738.72,14336,31420416
rdata_PointerToRawData,100,0,0,0,546002.56,72960,9497600
text_VirtualSize,100,0,0,0,656772.33,108870,11137668
text_SizeOfRawData,100,0,0,0,702749.96,104704,18117522
text_PointerToRawData,100,0,0,0,9514.4,1024,831488
BaseOfCode,100,0,0,0,133224.68,4096,4482148
BaseOfData,100,0,0,0,697909.62,114688,11149312
ImageBase,100,0,0,0,480657298,4194304,5.36870912e+09
Checksum,100,0,0,0,1999717.35,0,75059841
SectionAlignment,100,0,0,0,5829.34,4096,33170
SizeOfHeaders,100,0,0,0,1623.24,1024,16534
