sample_key,class,category,family,split,event_count,umap_1,umap_2,umap_3
sha1:00fa8972a4a4169df3b5aa27a05f6151a5278d7f,Benign,Benign,Benign,test,203,7.09659052,12.7852011,8.53240395
sha1:0833825dc1a30c7a47f06f7269eae3c994681571,Malicious,Stealer,Snake,train,425,11.6359978,15.4617825,8.93087959
sha1:17757b821ee9b081fcc142dcc7aff5a147de6095,Malicious,RAT,Remcos,test,55,9.90186882,14.2512674,8.0716362
sha1:17dcbb352b521926002c1c3a607471cb14808bb4,Benign,Benign,Benign,train,18,11.1066999,14.9427166,9.00084496
sha1:1a2bb7d9083f80886e2906db5cf3dd8e5881ef1b,Benign,Benign,Benign,train,17,7.62907076,12.981823,8.2367506
sha1:229fbb64d4dd347c1d6cab79ce9414a39c7c9a5a,Malicious,Trojan,Qbot,train,41,10.1311769,13.9344816,7.63998461
sha1:31e2f1a6726fde67ac0a641c000af2e2c826971f,Benign,Benign,Benign,validation,221,7.08513069,13.03018,8.81393814
sha1:3330cd73aa7106c21ffb27adaa0d746bdeee5bfa,Benign,Benign,Benign,train,400,10.0931349,14.6894789,9.20361042
sha1:37b5e4a9e37213f3e5b3e062bc449eef95d0453e,Benign,Benign,Benign,train,477,10.5423546,15.2394342,8.55695057
sha1:401cf8f2eb241fabcdea6ea88047333425ac6047,Benign,Benign,Benign,train,304,10.7236767,15.0049448,7.91250467
sha1:40a813d602c798c1688137214200646f796d9a3b,Benign,Benign,Benign,train,87,11.4023485,13.8357983,9.42735577
sha1:46a8839d1392c437fc5f35b7dae671d13eb3d347,Malicious,RAT,Glupteba,train,261,10.3717003,15.388299,8.1075573
sha1:4cb92a952f30d93dd2dfc95275121145a87a013f,Malicious,Stealer,Formbook,validation,404,11.444663,15.4242973,8.79835987
sha1:4e8c4b6e7bdf91ccf0c2f09fc4767c71648da24e,Malicious,RAT,Ursnif,test,274,10.9754915,14.1864157,8.13269901
sha1:50f623da7f4bc5527cbe84c7cf5a98bf1a2bc1c5,Malicious,Trojan,Emotet,train,94,10.6010094,14.8027945,7.63877392
sha1:638d549a24bb0a28e462c70880bf3f979f137cc6,Benign,Benign,Benign,train,6,8.21795177,13.1540327,8.34486866
sha1:68dd37baadb7590b07d6637b883394f3037e7729,Benign,Benign,Benign,test,25,7.26318264,12.588809,8.78196907
sha1:6bd36e54d7f3cf7d4f599454b505bc58d385ed4d,Malicious,Stealer,Formbook,train,34,11.1100035,13.6032877,9.86897182
sha1:8fccda838ffdd3b28b71c3fba700bf4cbaa945b7,Malicious,Ransomware,Dharma,validation,1123,10.9538965,13.3556061,9.01035786
sha1:9993b385d5ab214403957cea0f314927bc3719e2,Malicious,Ransomware,DarkSide,test,949,10.9269934,13.7888355,9.35661316
sha1:9ada647b2771b926bd68ea50c818fd0750f52920,Benign,Benign,Benign,train,337,11.2889633,14.6599684,9.29863071
sha1:9adfcac27e984fdc57fb7e4b3a1f0822e684b0d6,Benign,Benign,Benign,test,14,7.43605852,12.8012295,8.36077595
sha1:9ba925818ca7a11ab894981cb04d97c1262dfdc9,Malicious,Trojan,Agenttesla,train,94,9.9357481,14.1867485,7.53573275
sha1:9cf06e9ab3b1c0eca09d1621c509601a798cabe3,Benign,Benign,Benign,train,9,7.58395481,13.111722,8.68871498
sha1:a3bd129ca6c5eee4ee575847dea326ca147b9527,Benign,Benign,Benign,validation,330,11.1622343,14.2341309,8.75958824
sha1:ab5e473cac0f19dc6f56e7b32ac3c4d1018d4e87,Benign,Benign,Benign,train,39,9.56411839,14.3085718,8.8633852
sha1:acfaa06850d7d28da9ad61646b83a6a1910bf2b9,Benign,Benign,Benign,train,85,11.2209406,14.7127848,8.46382046
sha1:b5c1be1a279914cf63c84722aaa6ccf7ab5609fb,Malicious,Ransomware,Gandcrab,train,1362,10.6946135,13.1959019,9.30921555
sha1:c0d4ca0b5ae49ea0232d98fd04724b44cf0d4d92,Malicious,Trojan,Agenttesla,train,478,11.8471088,15.1418829,8.77397919
sha1:c7eccd3b344ad8de0cc2cf913527a01b114b405a,Malicious,RAT,Gh0st,train,282,10.797452,15.4870672,7.87808943
sha1:d8cb7816fcc2b652df45a8da892d04dd9aa5c45f,Benign,Benign,Benign,train,676,9.68400574,13.8024073,7.92634678
sha1:e19af3020bcdc677106a5952ee2d9ced739b70a1,Malicious,Ransomware,Cerber,train,41,11.3111086,13.937933,9.83088017
sha1:e1b91fa675e71a19a47792e75308d7f687209431,Malicious,Ransomware,LockBit,train,309,10.1487484,14.7539778,8.77844238
sha1:e8328c960e000c606b36a3887bc5d154afcfc141,Malicious,Stealer,RedLine,train,18,7.31480932,13.3920202,8.43121719
sha1:e8e46000c4d7c11ebec02bf7f256f38c9e7b5c8f,Malicious,Stealer,Raccoon,test,193,10.6353416,14.3434315,9.34230137
sha1:ef5c930520b57736609da4965a2ff52ee39f7ea4,Benign,Benign,Benign,validation,260,11.6760197,14.3030777,8.80585289
sha1:f46ef9ff8d741650bfcdab3034a870d8460b6472,Malicious,RAT,NanoCore,train,423,10.8508635,15.5682173,8.52664661
sha1:f99d8057b51105fa5ecedb6ad72262b635201c5f,Benign,Benign,Benign,test,265,11.7731829,13.7887421,9.20907307
sha1:fe794cf8a4cce92942f1fcc067b38f4dabd4e371,Benign,Benign,Benign,train,392,11.1218948,14.6990824,7.97584915
sha1:ff4b2ef332f97f3adaae9b1d4ffa6c4cef6b2b7f,Malicious,Trojan,Guloader,test,136,11.6242208,14.2142534,9.40204906
