sample_key,source_sha1,sha256,split,lookup_status,source_dataset,schema_version
sha1:68dd37baadb7590b07d6637b883394f3037e7729,68dd37baadb7590b07d6637b883394f3037e7729,a8b841c86c82aa4f72746b5cea3b26cadfd054fcae48251dbc9472ee99790d81,test,success,AU-PEMal-2025-V2,au_pemal_pilot/v1
sha1:c7eccd3b344ad8de0cc2cf913527a01b114b405a,c7eccd3b344ad8de0cc2cf913527a01b114b405a,eb6478f051ae5b16921ed95f6a2f761512c79787ac2b54f0d00742ad526c34b8,train,success,AU-PEMal-2025-V2,au_pemal_pilot/v1
sha1:a3bd129ca6c5eee4ee575847dea326ca147b9527,a3bd129ca6c5eee4ee575847dea326ca147b9527,e3df9868c3a3fc23dc3795e0e9050c4f0bc03145461d45219138cb8bb530e8f3,validation,success,AU-PEMal-2025-V2,au_pemal_pilot/v1
sha1:e19af3020bcdc677106a5952ee2d9ced739b70a1,e19af3020bcdc677106a5952ee2d9ced739b70a1,51939ec8bc405cddcbf4f8762c4da5d54d4be7a20bf60cd5ef8971dd80e70c67,train,success,AU-PEMal-2025-V2,au_pemal_pilot/v1
sha1:acfaa06850d7d28da9ad61646b83a6a1910bf2b9,acfaa06850d7d28da9ad61646b83a6a1910bf2b9,3475adb52646b8eab38eaa6c3eab29193a944aa7a0ea737cbe618c7ca32e0257,train,success,AU-PEMal-2025-V2,au_pemal_pilot/v1
sha1:4cb92a952f30d93dd2dfc95275121145a87a013f,4cb92a952f30d93dd2dfc95275121145a87a013f,e12bb875c395c4575c2482f653fd3005cc564a244e027f47218c99569c22ccf2,validation,success,AU-PEMal-2025-V2,au_pemal_pilot/v1
sha1:00fa8972a4a4169df3b5aa27a05f6151a5278d7f,00fa8972a4a4169df3b5aa27a05f6151a5278d7f,8a6363e1377bd084add68445f796c83609ba27bd1b0a06cb339ac92f0b91ee0c,test,success,AU-PEMal-2025-V2,au_pemal_pilot/v1
sha1:c0d4ca0b5ae49ea0232d98fd04724b44cf0d4d92,c0d4ca0b5ae49ea0232d98fd04724b44cf0d4d92,447ada938cc3b62fb4634adce6ee6aa216f86921f7d9686adc599003f0a27852,train,success,AU-PEMal-2025-V2,au_pemal_pilot/v1
sha1:401cf8f2eb241fabcdea6ea88047333425ac6047,401cf8f2eb241fabcdea6ea88047333425ac6047,1959cf04d47f1ea97d4498eb8e5a67dbc4c61434920771e44005fedb572ad7be,train,success,AU-PEMal-2025-V2,au_pemal_pilot/v1
sha1:46a8839d1392c437fc5f35b7dae671d13eb3d347,46a8839d1392c437fc5f35b7dae671d13eb3d347,16c8c0ceba2576b1dc55f910c62f5ee7c2c3c5264594ba127cc42881f8588ae7,train,success,AU-PEMal-2025-V2,au_pemal_pilot/v1
sha1:9ada647b2771b926bd68ea50c818fd0750f52920,9ada647b2771b926bd68ea50c818fd0750f52920,92425e72285cf566c69d524def0f68ca487ecbea47ffb914175406f39e6877b0,train,success,AU-PEMal-2025-V2,au_pemal_pilot/v1
sha1:9993b385d5ab214403957cea0f314927bc3719e2,9993b385d5ab214403957cea0f314927bc3719e2,e51e4c372edf2bbe476a4b7630225c1875c5ccea2ed55b418bd793c54ce9a84d,test,success,AU-PEMal-2025-V2,au_pemal_pilot/v1
sha1:37b5e4a9e37213f3e5b3e062bc449eef95d0453e,37b5e4a9e37213f3e5b3e062bc449eef95d0453e,2f8037bfdb2adac6460dfe4890a151da5a3cc9c1dc24e6ca0c6ab2319af94712,train,success,AU-PEMal-2025-V2,au_pemal_pilot/v1
sha1:e8e46000c4d7c11ebec02bf7f256f38c9e7b5c8f,e8e46000c4d7c11ebec02bf7f256f38c9e7b5c8f,1d8d7f589d48c077b141f84ecc81c1a357eab1f2effe36a180ad1d7edb677867,test,success,AU-PEMal-2025-V2,au_pemal_pilot/v1
sha1:9cf06e9ab3b1c0eca09d1621c509601a798cabe3,9cf06e9ab3b1c0eca09d1621c509601a798cabe3,fae12bd8c460e77e84fb50466c11703b2af78c60767b16632682373fd1a425f6,train,success,AU-PEMal-2025-V2,au_pemal_pilot/v1
sha1:50f623da7f4bc5527cbe84c7cf5a98bf1a2bc1c5,50f623da7f4bc5527cbe84c7cf5a98bf1a2bc1c5,eb37246f87d14722b0c70fa419022bec9b8682f6a3e95a1546fd1322b00e7829,train,success,AU-PEMal-2025-V2,au_pemal_pilot/v1
sha1:ef5c930520b57736609da4965a2ff52ee39f7ea4,ef5c930520b57736609da4965a2ff52ee39f7ea4,bc61dfca1db55838e276fc44e4b4effa5c358ec27a728411cc2cb2a74c079714,validation,success,AU-PEMal-2025-V2,au_pemal_pilot/v1
sha1:f46ef9ff8d741650bfcdab3034a870d8460b6472,f46ef9ff8d741650bfcdab3034a870d8460b6472,091c54409d9a5f4495f04287a47da8478467f680fc924b1dd9baa2b799a1117d,train,success,AU-PEMal-2025-V2,au_pemal_pilot/v1
sha1:9adfcac27e984fdc57fb7e4b3a1f0822e684b0d6,9adfcac27e984fdc57fb7e4b3a1f0822e684b0d6,b559c2d840e887e47e278a5248363b6caadab20d31ca93ef02d5637929da7e28,test,success,AU-PEMal-2025-V2,au_pemal_pilot/v1
sha1:8fccda838ffdd3b28b71c3fba700bf4cbaa945b7,8fccda838ffdd3b28b71c3fba700bf4cbaa945b7,06c36ed37f23f6b75abe58324adbc0597f71c43f1348869ca4f8eacef0063986,validation,success,AU-PEMal-2025-V2,au_pemal_pilot/v1
sha1:d8cb7816fcc2b652df45a8da892d04dd9aa5c45f,d8cb7816fcc2b652df45a8da892d04dd9aa5c45f,3964a1e13d2b3ee0c3c34b50d4785907c3ffd560dc3e4a8b22906893c8db9848,train,success,AU-PEMal-2025-V2,au_pemal_pilot/v1
sha1:e8328c960e000c606b36a3887bc5d154afcfc141,e8328c960e000c606b36a3887bc5d154afcfc141,b9592f7616249ff910d601c0680932abf55a8b4af511bf18d42ad55835f422d4,train,success,AU-PEMal-2025-V2,au_pemal_pilot/v1
sha1:ad755ad7e406ba4352f0c85cddb4e5f5c8a82e43,ad755ad7e406ba4352f0c85cddb4e5f5c8a82e43,,train,not_found,AU-PEMal-2025-V2,au_pemal_pilot/v1
sha1:ff4b2ef332f97f3adaae9b1d4ffa6c4cef6b2b7f,ff4b2ef332f97f3adaae9b1d4ffa6c4cef6b2b7f,776f4f1fe1ccd58c4f5e1e13efc1ff3caa002cb8b639206377fc6bb6dfeaa397,test,success,AU-PEMal-2025-V2,au_pemal_pilot/v1
sha1:1a2bb7d9083f80886e2906db5cf3dd8e5881ef1b,1a2bb7d9083f80886e2906db5cf3dd8e5881ef1b,29119f0552f6b08aa880a0f90ebee5e857c33b1026fb0e8c23075a808e892f5e,train,success,AU-PEMal-2025-V2,au_pemal_pilot/v1
sha1:17757b821ee9b081fcc142dcc7aff5a147de6095,17757b821ee9b081fcc142dcc7aff5a147de6095,a2925ab4b7c0267fb273b9125b81673c84525a2e974119dd6c6f3c10ac6675f5,test,success,AU-PEMal-2025-V2,au_pemal_pilot/v1
sha1:638d549a24bb0a28e462c70880bf3f979f137cc6,638d549a24bb0a28e462c70880bf3f979f137cc6,766e49811c0bb7cce217e72e73a6aa866c15de0ba11d7dda3bd7e9ec33ed6963,train,success,AU-PEMal-2025-V2,au_pemal_pilot/v1
sha1:b5c1be1a279914cf63c84722aaa6ccf7ab5609fb,b5c1be1a279914cf63c84722aaa6ccf7ab5609fb,5a65a71bcba1c3326e67603eba5ccc6115791825e63771c6136a67ead8ac8dc8,train,success,AU-PEMal-2025-V2,au_pemal_pilot/v1
sha1:3e9756f89adc1b7be8cd75df36946beaa4ade086,3e9756f89adc1b7be8cd75df36946beaa4ade086,,test,not_found,AU-PEMal-2025-V2,au_pemal_pilot/v1
sha1:0833825dc1a30c7a47f06f7269eae3c994681571,0833825dc1a30c7a47f06f7269eae3c994681571,726a9e0d8640423c3401fbfacc3e816afd915b964b1d41fb07893c5234f73a3e,train,success,AU-PEMal-2025-V2,au_pemal_pilot/v1
sha1:f99d8057b51105fa5ecedb6ad72262b635201c5f,f99d8057b51105fa5ecedb6ad72262b635201c5f,423dcb1b7b98c20d6ccdcd3be9a1509b488b8ca1e93098670497ee7d0f1b8c37,test,success,AU-PEMal-2025-V2,au_pemal_pilot/v1
sha1:229fbb64d4dd347c1d6cab79ce9414a39c7c9a5a,229fbb64d4dd347c1d6cab79ce9414a39c7c9a5a,37c27f69e643203587064068088ca2b8c1f8bc508612e2fd2f6ed6fd3e300ee5,train,success,AU-PEMal-2025-V2,au_pemal_pilot/v1
sha1:fe794cf8a4cce92942f1fcc067b38f4dabd4e371,fe794cf8a4cce92942f1fcc067b38f4dabd4e371,95158cfc49223f86724790e32000717b973122defaf72fc0a35f17d83bf97c9b,train,success,AU-PEMal-2025-V2,au_pemal_pilot/v1
sha1:4e8c4b6e7bdf91ccf0c2f09fc4767c71648da24e,4e8c4b6e7bdf91ccf0c2f09fc4767c71648da24e,0b30c90c81ad0b5897d869e199fa9781e024e0d7a57be43e992af02cff8cbb63,test,success,AU-PEMal-2025-V2,au_pemal_pilot/v1
sha1:3330cd73aa7106c21ffb27adaa0d746bdeee5bfa,3330cd73aa7106c21ffb27adaa0d746bdeee5bfa,e12e2083e26f8d17c36f3248d53689420b3f8906dbc860ac72d0b9820f137115,train,success,AU-PEMal-2025-V2,au_pemal_pilot/v1
sha1:e1b91fa675e71a19a47792e75308d7f687209431,e1b91fa675e71a19a47792e75308d7f687209431,49860038322ca135ae92b657a48097f7dc223327081e1c8543b72f50de911a33,train,success,AU-PEMal-2025-V2,au_pemal_pilot/v1
sha1:ab5e473cac0f19dc6f56e7b32ac3c4d1018d4e87,ab5e473cac0f19dc6f56e7b32ac3c4d1018d4e87,f9828a32a2786565dc857432b163f5d65cb7ae4b02248936215d912d2653ea9c,train,success,AU-PEMal-2025-V2,au_pemal_pilot/v1
sha1:6bd36e54d7f3cf7d4f599454b505bc58d385ed4d,6bd36e54d7f3cf7d4f599454b505bc58d385ed4d,3dca60e7a32bc81165f399bab2162271332156e05c490ed4af3972713a1cb0f4,train,success,AU-PEMal-2025-V2,au_pemal_pilot/v1
sha1:4bffb8ec39950905a2acbf7041cf30cf60b826d2,4bffb8ec39950905a2acbf7041cf30cf60b826d2,,train,not_found,AU-PEMal-2025-V2,au_pemal_pilot/v1
sha1:9ba925818ca7a11ab894981cb04d97c1262dfdc9,9ba925818ca7a11ab894981cb04d97c1262dfdc9,1d5513416dd852e771c3595215719c0d670babd292d14fb8a4e2d218b45fc96c,train,success,AU-PEMal-2025-V2,au_pemal_pilot/v1
sha1:40a813d602c798c1688137214200646f796d9a3b,40a813d602c798c1688137214200646f796d9a3b,02f9880f063d95ab677b80ea81797ff708e4cbc6111d8488fcb8df473e99cf69,train,success,AU-PEMal-2025-V2,au_pemal_pilot/v1
sha1:be70a8a81f197a804701d2ec64d0a521df83e2c6,be70a8a81f197a804701d2ec64d0a521df83e2c6,,train,pending,AU-PEMal-2025-V2,au_pemal_pilot/v1
sha1:31e2f1a6726fde67ac0a641c000af2e2c826971f,31e2f1a6726fde67ac0a641c000af2e2c826971f,2a562688fc181d5c21cfc8ac94756c797ffae355141a9bcbeb06b58a3a03905a,validation,success,AU-PEMal-2025-V2,au_pemal_pilot/v1
sha1:b97680618326582b01e57435dc04f0e93d94e6a7,b97680618326582b01e57435dc04f0e93d94e6a7,,validation,pending,AU-PEMal-2025-V2,au_pemal_pilot/v1
sha1:17dcbb352b521926002c1c3a607471cb14808bb4,17dcbb352b521926002c1c3a607471cb14808bb4,2d0dfb79e6f34a2695e0c750b9aabbe90e08aead26cd23c355eec13419f8885e,train,success,AU-PEMal-2025-V2,au_pemal_pilot/v1
sha1:52daaa5ef8e8df0d71c4d846ea243ac74c7c32e6,52daaa5ef8e8df0d71c4d846ea243ac74c7c32e6,,validation,pending,AU-PEMal-2025-V2,au_pemal_pilot/v1
sha1:b6ffb11970462812794a96ba8e01e91d3a56e0e3,b6ffb11970462812794a96ba8e01e91d3a56e0e3,,train,pending,AU-PEMal-2025-V2,au_pemal_pilot/v1
sha1:8f83fa6411a50189001fbba54de212103ebbb88b,8f83fa6411a50189001fbba54de212103ebbb88b,,train,pending,AU-PEMal-2025-V2,au_pemal_pilot/v1
sha1:3731706269f77882a66412432c2d00afd879237c,3731706269f77882a66412432c2d00afd879237c,,train,pending,AU-PEMal-2025-V2,au_pemal_pilot/v1
sha1:7f8d0fa3e8971e9ee25e98bd35c9ab1b4a80bf31,7f8d0fa3e8971e9ee25e98bd35c9ab1b4a80bf31,,train,pending,AU-PEMal-2025-V2,au_pemal_pilot/v1
sha1:2dbdd7e87fc53bc6683bd8d1caec4a7eb638ef1d,2dbdd7e87fc53bc6683bd8d1caec4a7eb638ef1d,,test,pending,AU-PEMal-2025-V2,au_pemal_pilot/v1
sha1:0f34c29d2ce181dbe88bcb5d28ea8aa3c5bbd5e3,0f34c29d2ce181dbe88bcb5d28ea8aa3c5bbd5e3,,train,pending,AU-PEMal-2025-V2,au_pemal_pilot/v1
sha1:f3ec21da2b7f5081ef17b7a9ee17d441cb05c39d,f3ec21da2b7f5081ef17b7a9ee17d441cb05c39d,,train,pending,AU-PEMal-2025-V2,au_pemal_pilot/v1
sha1:1bc96346587bed249c357647e7443605058db850,1bc96346587bed249c357647e7443605058db850,,validation,pending,AU-PEMal-2025-V2,au_pemal_pilot/v1
sha1:56b4c65be18ca0ff558c037ea167a3ced8386090,56b4c65be18ca0ff558c037ea167a3ced8386090,,train,pending,AU-PEMal-2025-V2,au_pemal_pilot/v1
sha1:b0ef52362a6d28794d0462ca8c295e1273c43525,b0ef52362a6d28794d0462ca8c295e1273c43525,,train,pending,AU-PEMal-2025-V2,au_pemal_pilot/v1
sha1:f19da88cc5421f8e22dfdab7b63205f086c2d9f0,f19da88cc5421f8e22dfdab7b63205f086c2d9f0,,train,pending,AU-PEMal-2025-V2,au_pemal_pilot/v1
sha1:500462225f2e9a7a1ec76ba093e7911271eb2a04,500462225f2e9a7a1ec76ba093e7911271eb2a04,,train,pending,AU-PEMal-2025-V2,au_pemal_pilot/v1
sha1:ccd779d88ef06c59f6bea08a8a6f532ad0a07d06,ccd779d88ef06c59f6bea08a8a6f532ad0a07d06,,test,pending,AU-PEMal-2025-V2,au_pemal_pilot/v1
sha1:0c19cbeb5b6bfac331633606a92a3878dacb2b8e,0c19cbeb5b6bfac331633606a92a3878dacb2b8e,,test,pending,AU-PEMal-2025-V2,au_pemal_pilot/v1
sha1:536cc4320787675d8f2bdf36e1cc9a4cde557ce4,536cc4320787675d8f2bdf36e1cc9a4cde557ce4,,train,pending,AU-PEMal-2025-V2,au_pemal_pilot/v1
sha1:1067129df65bf4df554e0ab0daf26211fe7e5887,1067129df65bf4df554e0ab0daf26211fe7e5887,,train,pending,AU-PEMal-2025-V2,au_pemal_pilot/v1
sha1:07b7de4427c91bfd2c7b0d3cbdbe0a1a49e10472,07b7de4427c91bfd2c7b0d3cbdbe0a1a49e10472,,train,pending,AU-PEMal-2025-V2,au_pemal_pilot/v1
sha1:7a4b2ec5fa606a04ecec3dfad1aaa77e206af8cc,7a4b2ec5fa606a04ecec3dfad1aaa77e206af8cc,,train,pending,AU-PEMal-2025-V2,au_pemal_pilot/v1
sha1:0d1f88f3543d53089e898f69be3bb1797c4549cc,0d1f88f3543d53089e898f69be3bb1797c4549cc,,validation,pending,AU-PEMal-2025-V2,au_pemal_pilot/v1
sha1:c372c68d68935c9577438f77c92ef5e1e9b6667a,c372c68d68935c9577438f77c92ef5e1e9b6667a,,train,pending,AU-PEMal-2025-V2,au_pemal_pilot/v1
sha1:cf3e9514713fbedaa812c5d5265fdc41aa15d1c1,cf3e9514713fbedaa812c5d5265fdc41aa15d1c1,,train,pending,AU-PEMal-2025-V2,au_pemal_pilot/v1
sha1:c1a5dfd851337cd12770244c97e83b7066dea781,c1a5dfd851337cd12770244c97e83b7066dea781,,train,pending,AU-PEMal-2025-V2,au_pemal_pilot/v1
sha1:dcb4c5bd49bf3e9578f89afdbebd06a968aad4ad,dcb4c5bd49bf3e9578f89afdbebd06a968aad4ad,,train,pending,AU-PEMal-2025-V2,au_pemal_pilot/v1
sha1:34924a324da597c6df88b1719af7907fd2f6df73,34924a324da597c6df88b1719af7907fd2f6df73,,validation,pending,AU-PEMal-2025-V2,au_pemal_pilot/v1
sha1:a6d509d114d8a27df7c5e45323ae11f5c9c11514,a6d509d114d8a27df7c5e45323ae11f5c9c11514,,train,pending,AU-PEMal-2025-V2,au_pemal_pilot/v1
sha1:0c1837bebaac98ee5f50a01d27e5613f7928dc9e,0c1837bebaac98ee5f50a01d27e5613f7928dc9e,,train,pending,AU-PEMal-2025-V2,au_pemal_pilot/v1
sha1:01f1c9e1a73e90667c2228d8088ecda81443ae4a,01f1c9e1a73e90667c2228d8088ecda81443ae4a,,validation,pending,AU-PEMal-2025-V2,au_pemal_pilot/v1
sha1:0365f94938094a7a2b5831080871cb077ea64585,0365f94938094a7a2b5831080871cb077ea64585,,train,pending,AU-PEMal-2025-V2,au_pemal_pilot/v1
sha1:44303648db78913e374e7ef4c93b83f045b2b9bc,44303648db78913e374e7ef4c93b83f045b2b9bc,,train,pending,AU-PEMal-2025-V2,au_pemal_pilot/v1
sha1:60b4f77132f8eab1ff5bd0c7c96be3e69b3f4c34,60b4f77132f8eab1ff5bd0c7c96be3e69b3f4c34,,train,pending,AU-PEMal-2025-V2,au_pemal_pilot/v1
sha1:e5111b8258f64a038810343f88df725cde00717f,e5111b8258f64a038810343f88df725cde00717f,,train,pending,AU-PEMal-2025-V2,au_pemal_pilot/v1
sha1:ad057966d5a657fa91f5d15abac07a212b544531,ad057966d5a657fa91f5d15abac07a212b544531,,train,pending,AU-PEMal-2025-V2,au_pemal_pilot/v1
sha1:d90a9ccba4a4d85dc9068cf6ea55e0ae659f6a2f,d90a9ccba4a4d85dc9068cf6ea55e0ae659f6a2f,,validation,pending,AU-PEMal-2025-V2,au_pemal_pilot/v1
sha1:af5cb4e512049dac6aaac5eddd1e779accf1dcf9,af5cb4e512049dac6aaac5eddd1e779accf1dcf9,,train,pending,AU-PEMal-2025-V2,au_pemal_pilot/v1
sha1:0ece9434740385a807250ff9e7b145ac4ee3ef1f,0ece9434740385a807250ff9e7b145ac4ee3ef1f,,validation,pending,AU-PEMal-2025-V2,au_pemal_pilot/v1
sha1:7f5dfd0cf802700ca089e28b1f55241007f4bd9b,7f5dfd0cf802700ca089e28b1f55241007f4bd9b,,train,pending,AU-PEMal-2025-V2,au_pemal_pilot/v1
sha1:0a30f5ba415e4d09d0b2a5e29e3ed7f486cf1082,0a30f5ba415e4d09d0b2a5e29e3ed7f486cf1082,,test,pending,AU-PEMal-2025-V2,au_pemal_pilot/v1
sha1:71069cb0a3dc4d2016520a2707387bcc6ebee3bb,71069cb0a3dc4d2016520a2707387bcc6ebee3bb,,train,pending,AU-PEMal-2025-V2,au_pemal_pilot/v1
sha1:e723c77fa8715f17deb65d5c976b59180d89fde8,e723c77fa8715f17deb65d5c976b59180d89fde8,,train,pending,AU-PEMal-2025-V2,au_pemal_pilot/v1
sha1:e58b0d6a289be0a12f20587cf8945233a086a27e,e58b0d6a289be0a12f20587cf8945233a086a27e,,train,pending,AU-PEMal-2025-V2,au_pemal_pilot/v1
sha1:978bba2dea8e536b1ce02aa5fb318089f25287cf,978bba2dea8e536b1ce02aa5fb318089f25287cf,,validation,pending,AU-PEMal-2025-V2,au_pemal_pilot/v1
sha1:b2c181c008fd857b0f0122dbfd05d4193654ccc2,b2c181c008fd857b0f0122dbfd05d4193654ccc2,,train,pending,AU-PEMal-2025-V2,au_pemal_pilot/v1
sha1:6f704c6f4aa8265a760d0479ad4ec6c29b03c623,6f704c6f4aa8265a760d0479ad4ec6c29b03c623,,validation,pending,AU-PEMal-2025-V2,au_pemal_pilot/v1
sha1:1ded9313651fc616370fbfa4d5352b78d5ab49d6,1ded9313651fc616370fbfa4d5352b78d5ab49d6,,train,pending,AU-PEMal-2025-V2,au_pemal_pilot/v1
sha1:70cd5f7a8c03c3f2fb0b7b94a5300f8a839325f4,70cd5f7a8c03c3f2fb0b7b94a5300f8a839325f4,,train,pending,AU-PEMal-2025-V2,au_pemal_pilot/v1
sha1:0d2d170ba8b7dc62612c25a60d9e7aee42c63a3d,0d2d170ba8b7dc62612c25a60d9e7aee42c63a3d,,train,pending,AU-PEMal-2025-V2,au_pemal_pilot/v1
sha1:2e0b53beec038f8a08cdf5ea37f27baa89572172,2e0b53beec038f8a08cdf5ea37f27baa89572172,,validation,pending,AU-PEMal-2025-V2,au_pemal_pilot/v1
sha1:f899fd6f136640fc986f8b575592848b76c25763,f899fd6f136640fc986f8b575592848b76c25763,,train,pending,AU-PEMal-2025-V2,au_pemal_pilot/v1
sha1:1d3c9f3d376283c54b65965700f96e4e7e4fa8c5,1d3c9f3d376283c54b65965700f96e4e7e4fa8c5,,test,pending,AU-PEMal-2025-V2,au_pemal_pilot/v1
sha1:95c80e7d538c1bf48cc912664a4953309a3a0d11,95c80e7d538c1bf48cc912664a4953309a3a0d11,,test,pending,AU-PEMal-2025-V2,au_pemal_pilot/v1
sha1:cfadc1404cc5a36aa25d86b2f97a08c967f75950,cfadc1404cc5a36aa25d86b2f97a08c967f75950,,train,pending,AU-PEMal-2025-V2,au_pemal_pilot/v1
sha1:2a248ed7dc796891bfa5f542c5b3aca7893174f3,2a248ed7dc796891bfa5f542c5b3aca7893174f3,,train,pending,AU-PEMal-2025-V2,au_pemal_pilot/v1
sha1:ff8792ae8c73277168ed7301af8af48352775159,ff8792ae8c73277168ed7301af8af48352775159,,test,pending,AU-PEMal-2025-V2,au_pemal_pilot/v1
sha1:5a90a6b74b51fb4bced77aa958482861bee138b1,5a90a6b74b51fb4bced77aa958482861bee138b1,,train,pending,AU-PEMal-2025-V2,au_pemal_pilot/v1
