sample_key,y,y_known,category,family,label_source,label_confidence
sha1:68dd37baadb7590b07d6637b883394f3037e7729,0,1,Benign,Benign,AU-PEMal-2025-V2,published_dataset
sha1:c7eccd3b344ad8de0cc2cf913527a01b114b405a,1,1,RAT,Gh0st,AU-PEMal-2025-V2,published_dataset
sha1:a3bd129ca6c5eee4ee575847dea326ca147b9527,0,1,Benign,Benign,AU-PEMal-2025-V2,published_dataset
sha1:e19af3020bcdc677106a5952ee2d9ced739b70a1,1,1,Ransomware,Cerber,AU-PEMal-2025-V2,published_dataset
sha1:acfaa06850d7d28da9ad61646b83a6a1910bf2b9,0,1,Benign,Benign,AU-PEMal-2025-V2,published_dataset
sha1:4cb92a952f30d93dd2dfc95275121145a87a013f,1,1,Stealer,Formbook,AU-PEMal-2025-V2,published_dataset
sha1:00fa8972a4a4169df3b5aa27a05f6151a5278d7f,0,1,Benign,Benign,AU-PEMal-2025-V2,published_dataset
sha1:c0d4ca0b5ae49ea0232d98fd04724b44cf0d4d92,1,1,Trojan,Agenttesla,AU-PEMal-2025-V2,published_dataset
sha1:401cf8f2eb241fabcdea6ea88047333425ac6047,0,1,Benign,Benign,AU-PEMal-2025-V2,published_dataset
sha1:46a8839d1392c437fc5f35b7dae671d13eb3d347,1,1,RAT,Glupteba,AU-PEMal-2025-V2,published_dataset
sha1:9ada647b2771b926bd68ea50c818fd0750f52920,0,1,Benign,Benign,AU-PEMal-2025-V2,published_dataset
sha1:9993b385d5ab214403957cea0f314927bc3719e2,1,1,Ransomware,DarkSide,AU-PEMal-2025-V2,published_dataset
sha1:37b5e4a9e37213f3e5b3e062bc449eef95d0453e,0,1,Benign,Benign,AU-PEMal-2025-V2,published_dataset
sha1:e8e46000c4d7c11ebec02bf7f256f38c9e7b5c8f,1,1,Stealer,Raccoon,AU-PEMal-2025-V2,published_dataset
sha1:9cf06e9ab3b1c0eca09d1621c509601a798cabe3,0,1,Benign,Benign,AU-PEMal-2025-V2,published_dataset
sha1:50f623da7f4bc5527cbe84c7cf5a98bf1a2bc1c5,1,1,Trojan,Emotet,AU-PEMal-2025-V2,published_dataset
sha1:ef5c930520b57736609da4965a2ff52ee39f7ea4,0,1,Benign,Benign,AU-PEMal-2025-V2,published_dataset
sha1:f46ef9ff8d741650bfcdab3034a870d8460b6472,1,1,RAT,NanoCore,AU-PEMal-2025-V2,published_dataset
sha1:9adfcac27e984fdc57fb7e4b3a1f0822e684b0d6,0,1,Benign,Benign,AU-PEMal-2025-V2,published_dataset
sha1:8fccda838ffdd3b28b71c3fba700bf4cbaa945b7,1,1,Ransomware,Dharma,AU-PEMal-2025-V2,published_dataset
sha1:d8cb7816fcc2b652df45a8da892d04dd9aa5c45f,0,1,Benign,Benign,AU-PEMal-2025-V2,published_dataset
sha1:e8328c960e000c606b36a3887bc5d154afcfc141,1,1,Stealer,RedLine,AU-PEMal-2025-V2,published_dataset
sha1:ad755ad7e406ba4352f0c85cddb4e5f5c8a82e43,0,1,Benign,Benign,AU-PEMal-2025-V2,published_dataset
sha1:ff4b2ef332f97f3adaae9b1d4ffa6c4cef6b2b7f,1,1,Trojan,Guloader,AU-PEMal-2025-V2,published_dataset
sha1:1a2bb7d9083f80886e2906db5cf3dd8e5881ef1b,0,1,Benign,Benign,AU-PEMal-2025-V2,published_dataset
sha1:17757b821ee9b081fcc142dcc7aff5a147de6095,1,1,RAT,Remcos,AU-PEMal-2025-V2,published_dataset
sha1:638d549a24bb0a28e462c70880bf3f979f137cc6,0,1,Benign,Benign,AU-PEMal-2025-V2,published_dataset
sha1:b5c1be1a279914cf63c84722aaa6ccf7ab5609fb,1,1,Ransomware,Gandcrab,AU-PEMal-2025-V2,published_dataset
sha1:3e9756f89adc1b7be8cd75df36946beaa4ade086,0,1,Benign,Benign,AU-PEMal-2025-V2,published_dataset
sha1:0833825dc1a30c7a47f06f7269eae3c994681571,1,1,Stealer,Snake,AU-PEMal-2025-V2,published_dataset
sha1:f99d8057b51105fa5ecedb6ad72262b635201c5f,0,1,Benign,Benign,AU-PEMal-2025-V2,published_dataset
sha1:229fbb64d4dd347c1d6cab79ce9414a39c7c9a5a,1,1,Trojan,Qbot,AU-PEMal-2025-V2,published_dataset
sha1:fe794cf8a4cce92942f1fcc067b38f4dabd4e371,0,1,Benign,Benign,AU-PEMal-2025-V2,published_dataset
sha1:4e8c4b6e7bdf91ccf0c2f09fc4767c71648da24e,1,1,RAT,Ursnif,AU-PEMal-2025-V2,published_dataset
sha1:3330cd73aa7106c21ffb27adaa0d746bdeee5bfa,0,1,Benign,Benign,AU-PEMal-2025-V2,published_dataset
sha1:e1b91fa675e71a19a47792e75308d7f687209431,1,1,Ransomware,LockBit,AU-PEMal-2025-V2,published_dataset
sha1:ab5e473cac0f19dc6f56e7b32ac3c4d1018d4e87,0,1,Benign,Benign,AU-PEMal-2025-V2,published_dataset
sha1:6bd36e54d7f3cf7d4f599454b505bc58d385ed4d,1,1,Stealer,Formbook,AU-PEMal-2025-V2,published_dataset
sha1:4bffb8ec39950905a2acbf7041cf30cf60b826d2,0,1,Benign,Benign,AU-PEMal-2025-V2,published_dataset
sha1:9ba925818ca7a11ab894981cb04d97c1262dfdc9,1,1,Trojan,Agenttesla,AU-PEMal-2025-V2,published_dataset
sha1:40a813d602c798c1688137214200646f796d9a3b,0,1,Benign,Benign,AU-PEMal-2025-V2,published_dataset
sha1:be70a8a81f197a804701d2ec64d0a521df83e2c6,1,1,RAT,njRat,AU-PEMal-2025-V2,published_dataset
sha1:31e2f1a6726fde67ac0a641c000af2e2c826971f,0,1,Benign,Benign,AU-PEMal-2025-V2,published_dataset
sha1:b97680618326582b01e57435dc04f0e93d94e6a7,1,1,Ransomware,Maze,AU-PEMal-2025-V2,published_dataset
sha1:17dcbb352b521926002c1c3a607471cb14808bb4,0,1,Benign,Benign,AU-PEMal-2025-V2,published_dataset
sha1:52daaa5ef8e8df0d71c4d846ea243ac74c7c32e6,1,1,Stealer,Raccoon,AU-PEMal-2025-V2,published_dataset
sha1:b6ffb11970462812794a96ba8e01e91d3a56e0e3,0,1,Benign,Benign,AU-PEMal-2025-V2,published_dataset
sha1:8f83fa6411a50189001fbba54de212103ebbb88b,1,1,Trojan,Emotet,AU-PEMal-2025-V2,published_dataset
sha1:3731706269f77882a66412432c2d00afd879237c,0,1,Benign,Benign,AU-PEMal-2025-V2,published_dataset
sha1:7f8d0fa3e8971e9ee25e98bd35c9ab1b4a80bf31,1,1,RAT,Gh0st,AU-PEMal-2025-V2,published_dataset
sha1:2dbdd7e87fc53bc6683bd8d1caec4a7eb638ef1d,0,1,Benign,Benign,AU-PEMal-2025-V2,published_dataset
sha1:0f34c29d2ce181dbe88bcb5d28ea8aa3c5bbd5e3,1,1,Ransomware,Phobos,AU-PEMal-2025-V2,published_dataset
sha1:f3ec21da2b7f5081ef17b7a9ee17d441cb05c39d,0,1,Benign,Benign,AU-PEMal-2025-V2,published_dataset
sha1:1bc96346587bed249c357647e7443605058db850,1,1,Stealer,RedLine,AU-PEMal-2025-V2,published_dataset
sha1:56b4c65be18ca0ff558c037ea167a3ced8386090,0,1,Benign,Benign,AU-PEMal-2025-V2,published_dataset
sha1:b0ef52362a6d28794d0462ca8c295e1273c43525,1,1,Trojan,Guloader,AU-PEMal-2025-V2,published_dataset
sha1:f19da88cc5421f8e22dfdab7b63205f086c2d9f0,0,1,Benign,Benign,AU-PEMal-2025-V2,published_dataset
sha1:500462225f2e9a7a1ec76ba093e7911271eb2a04,1,1,RAT,Glupteba,AU-PEMal-2025-V2,published_dataset
sha1:ccd779d88ef06c59f6bea08a8a6f532ad0a07d06,0,1,Benign,Benign,AU-PEMal-2025-V2,published_dataset
sha1:0c19cbeb5b6bfac331633606a92a3878dacb2b8e,1,1,Ransomware,REvil,AU-PEMal-2025-V2,published_dataset
sha1:536cc4320787675d8f2bdf36e1cc9a4cde557ce4,0,1,Benign,Benign,AU-PEMal-2025-V2,published_dataset
sha1:1067129df65bf4df554e0ab0daf26211fe7e5887,1,1,Stealer,Snake,AU-PEMal-2025-V2,published_dataset
sha1:07b7de4427c91bfd2c7b0d3cbdbe0a1a49e10472,0,1,Benign,Benign,AU-PEMal-2025-V2,published_dataset
sha1:7a4b2ec5fa606a04ecec3dfad1aaa77e206af8cc,1,1,Trojan,Qbot,AU-PEMal-2025-V2,published_dataset
sha1:0d1f88f3543d53089e898f69be3bb1797c4549cc,0,1,Benign,Benign,AU-PEMal-2025-V2,published_dataset
sha1:c372c68d68935c9577438f77c92ef5e1e9b6667a,1,1,RAT,NanoCore,AU-PEMal-2025-V2,published_dataset
sha1:cf3e9514713fbedaa812c5d5265fdc41aa15d1c1,0,1,Benign,Benign,AU-PEMal-2025-V2,published_dataset
sha1:c1a5dfd851337cd12770244c97e83b7066dea781,1,1,Ransomware,Ragnar,AU-PEMal-2025-V2,published_dataset
sha1:dcb4c5bd49bf3e9578f89afdbebd06a968aad4ad,0,1,Benign,Benign,AU-PEMal-2025-V2,published_dataset
sha1:34924a324da597c6df88b1719af7907fd2f6df73,1,1,Stealer,Formbook,AU-PEMal-2025-V2,published_dataset
sha1:a6d509d114d8a27df7c5e45323ae11f5c9c11514,0,1,Benign,Benign,AU-PEMal-2025-V2,published_dataset
sha1:0c1837bebaac98ee5f50a01d27e5613f7928dc9e,1,1,Trojan,Agenttesla,AU-PEMal-2025-V2,published_dataset
sha1:01f1c9e1a73e90667c2228d8088ecda81443ae4a,0,1,Benign,Benign,AU-PEMal-2025-V2,published_dataset
sha1:0365f94938094a7a2b5831080871cb077ea64585,1,1,RAT,Remcos,AU-PEMal-2025-V2,published_dataset
sha1:44303648db78913e374e7ef4c93b83f045b2b9bc,0,1,Benign,Benign,AU-PEMal-2025-V2,published_dataset
sha1:60b4f77132f8eab1ff5bd0c7c96be3e69b3f4c34,1,1,Ransomware,Ryuk,AU-PEMal-2025-V2,published_dataset
sha1:e5111b8258f64a038810343f88df725cde00717f,0,1,Benign,Benign,AU-PEMal-2025-V2,published_dataset
sha1:ad057966d5a657fa91f5d15abac07a212b544531,1,1,Stealer,Raccoon,AU-PEMal-2025-V2,published_dataset
sha1:d90a9ccba4a4d85dc9068cf6ea55e0ae659f6a2f,0,1,Benign,Benign,AU-PEMal-2025-V2,published_dataset
sha1:af5cb4e512049dac6aaac5eddd1e779accf1dcf9,1,1,Trojan,Emotet,AU-PEMal-2025-V2,published_dataset
sha1:0ece9434740385a807250ff9e7b145ac4ee3ef1f,0,1,Benign,Benign,AU-PEMal-2025-V2,published_dataset
sha1:7f5dfd0cf802700ca089e28b1f55241007f4bd9b,1,1,RAT,Ursnif,AU-PEMal-2025-V2,published_dataset
sha1:0a30f5ba415e4d09d0b2a5e29e3ed7f486cf1082,0,1,Benign,Benign,AU-PEMal-2025-V2,published_dataset
sha1:71069cb0a3dc4d2016520a2707387bcc6ebee3bb,1,1,Ransomware,Shade,AU-PEMal-2025-V2,published_dataset
sha1:e723c77fa8715f17deb65d5c976b59180d89fde8,0,1,Benign,Benign,AU-PEMal-2025-V2,published_dataset
sha1:e58b0d6a289be0a12f20587cf8945233a086a27e,1,1,Stealer,RedLine,AU-PEMal-2025-V2,published_dataset
sha1:978bba2dea8e536b1ce02aa5fb318089f25287cf,0,1,Benign,Benign,AU-PEMal-2025-V2,published_dataset
sha1:b2c181c008fd857b0f0122dbfd05d4193654ccc2,1,1,Trojan,Guloader,AU-PEMal-2025-V2,published_dataset
sha1:6f704c6f4aa8265a760d0479ad4ec6c29b03c623,0,1,Benign,Benign,AU-PEMal-2025-V2,published_dataset
sha1:1ded9313651fc616370fbfa4d5352b78d5ab49d6,1,1,RAT,njRat,AU-PEMal-2025-V2,published_dataset
sha1:70cd5f7a8c03c3f2fb0b7b94a5300f8a839325f4,0,1,Benign,Benign,AU-PEMal-2025-V2,published_dataset
sha1:0d2d170ba8b7dc62612c25a60d9e7aee42c63a3d,1,1,Ransomware,WannaCry,AU-PEMal-2025-V2,published_dataset
sha1:2e0b53beec038f8a08cdf5ea37f27baa89572172,0,1,Benign,Benign,AU-PEMal-2025-V2,published_dataset
sha1:f899fd6f136640fc986f8b575592848b76c25763,1,1,Stealer,Snake,AU-PEMal-2025-V2,published_dataset
sha1:1d3c9f3d376283c54b65965700f96e4e7e4fa8c5,0,1,Benign,Benign,AU-PEMal-2025-V2,published_dataset
sha1:95c80e7d538c1bf48cc912664a4953309a3a0d11,1,1,Trojan,Qbot,AU-PEMal-2025-V2,published_dataset
sha1:cfadc1404cc5a36aa25d86b2f97a08c967f75950,0,1,Benign,Benign,AU-PEMal-2025-V2,published_dataset
sha1:2a248ed7dc796891bfa5f542c5b3aca7893174f3,1,1,RAT,Gh0st,AU-PEMal-2025-V2,published_dataset
sha1:ff8792ae8c73277168ed7301af8af48352775159,0,1,Benign,Benign,AU-PEMal-2025-V2,published_dataset
sha1:5a90a6b74b51fb4bced77aa958482861bee138b1,1,1,Ransomware,Cerber,AU-PEMal-2025-V2,published_dataset
