sample_key,processes_malicious,processes_monitored,processes_suspicious,total_procsses,files_malicious,files_suspicious,files_unknown,files_text,registry_total,registry_read,registry_write,registry_delete,network_dns,network_http,network_connections,apis,dlls_calls,EntryPoint,SizeOfCode,SizeOfImage,SizeOfInitializedData,SizeOfUninitializedData,rdata_VirtualSize,rdata_VirtualAddress,rdata_SizeOfRawData,rdata_PointerToRawData,text_VirtualSize,text_SizeOfRawData,text_PointerToRawData,BaseOfCode,BaseOfData,ImageBase,Checksum,SectionAlignment,SizeOfHeaders
sha1:68dd37baadb7590b07d6637b883394f3037e7729,0.0,1.0,0.0,34.0,0.0,0.0,0.0,0.0,1.0,1.0,0.0,0.0,0.0,0.0,4.0,518.0,10.0,5312,200192,880640,848896,4608,219704,208896,220160,201728,199924,200192,1024,4096,204800,4194304,917789,4096,1024
sha1:c7eccd3b344ad8de0cc2cf913527a01b114b405a,1.0,1.0,0.0,33.0,0.0,0.0,0.0,0.0,7.0,7.0,0.0,0.0,1.0,0.0,1.0,244.0,9.0,16773,86016,1454080,1363968,0,21624,90112,24576,90112,85010,86016,4096,4096,90112,4194304,0,4096,4096
sha1:a3bd129ca6c5eee4ee575847dea326ca147b9527,0.0,2.0,0.0,40.0,0.0,0.0,0.0,0.0,41.0,41.0,0.0,0.0,0.0,0.0,0.0,1.0,1.0,16494,8704,40960,5120,0,2264272,2318336,2264576,2312704,8308,8704,512,8192,24576,4194304,0,8192,512
sha1:e19af3020bcdc677106a5952ee2d9ced739b70a1,2.0,3.0,0.0,34.0,1.0,9.0,41.0,113.0,628.0,564.0,64.0,0.0,4.0,2.0,1725.0,166.0,7.0,12960,25600,376832,163328,2048,5296,32768,5632,26624,25467,25600,1024,4096,32768,4194304,304591,4096,1024
sha1:acfaa06850d7d28da9ad61646b83a6a1910bf2b9,0.0,0.0,0.0,0.0,0.0,0.0,0.0,0.0,0.0,0.0,0.0,0.0,0.0,0.0,0.0,73.0,10.0,7360,7168,36864,11264,0,7064,12288,7168,8192,6729,7168,1024,4096,49152,5368709120,0,4096,1024
sha1:4cb92a952f30d93dd2dfc95275121145a87a013f,2.0,2.0,0.0,31.0,0.0,0.0,0.0,0.0,62.0,62.0,0.0,0.0,0.0,0.0,5.0,0.0,0.0,695694,554830,573440,2560,0,5018,32768,5120,27648,554830,555008,512,8192,32768,4194304,0,8192,512
sha1:00fa8972a4a4169df3b5aa27a05f6151a5278d7f,0.0,1.0,0.0,37.0,0.0,0.0,0.0,0.0,2.0,2.0,0.0,0.0,0.0,0.0,4.0,21.0,3.0,4736,87552,131072,24064,3072,16320,98304,16384,89088,87328,87552,1024,4096,94208,4194304,167142,4096,1024
sha1:c0d4ca0b5ae49ea0232d98fd04724b44cf0d4d92,2.0,5.0,0.0,35.0,1.0,0.0,0.0,1.0,1040.0,1015.0,21.0,4.0,2.0,0.0,6.0,0.0,0.0,679158,0,0,0,0,0,0,0,0,0,0,0,0,0,0,0,0,0
sha1:401cf8f2eb241fabcdea6ea88047333425ac6047,0.0,0.0,0.0,0.0,0.0,0.0,0.0,0.0,0.0,0.0,0.0,0.0,0.0,0.0,0.0,17.0,12.0,755776,253952,765952,8192,499712,3298,8192,3584,4608,75600,75776,512,503808,757760,4194304,0,4096,4096
sha1:46a8839d1392c437fc5f35b7dae671d13eb3d347,6.0,20.0,0.0,69.0,4.0,0.0,0.0,0.0,1713.0,1343.0,368.0,2.0,2.0,0.0,3.0,105.0,2.0,34668,3910656,53223424,49334784,0,10348,3870720,10752,3866624,3910414,3910656,1024,4096,3915776,4194304,4046907,4096,1024
sha1:9ada647b2771b926bd68ea50c818fd0750f52920,0.0,1.0,0.0,39.0,0.0,0.0,0.0,0.0,28.0,28.0,0.0,0.0,0.0,0.0,4.0,1.0,1.0,2031626,1165824,2039808,832512,0,1290,36864,1536,29696,1165048,1165312,831488,843776,8192,4194304,0,8192,1024
sha1:9993b385d5ab214403957cea0f314927bc3719e2,4.0,6.0,0.0,46.0,0.0,142.0,4.0,46.0,414.0,387.0,0.0,0.0,1.0,0.0,6.0,1.0,1.0,41743,36352,69632,15360,0,344,45056,512,37376,34828,35328,1024,4096,45056,4194304,98238,4096,1024
sha1:37b5e4a9e37213f3e5b3e062bc449eef95d0453e,0.0,0.0,0.0,0.0,0.0,0.0,0.0,0.0,0.0,0.0,0.0,0.0,0.0,0.0,0.0,19.0,2.0,5369,2048,65536,47104,0,46129,8192,46592,3072,1680,2048,1024,4096,57344,4194304,112143,4096,1024
sha1:e8e46000c4d7c11ebec02bf7f256f38c9e7b5c8f,1.0,1.0,0.0,34.0,59.0,3.0,5.0,2.0,3430.0,3409.0,0.0,0.0,1.0,4.0,3.0,131.0,2.0,346359,401408,42668032,42306048,0,10634,106496,0,0,401104,401408,1024,4096,405504,4194304,533215,4096,1024
sha1:9cf06e9ab3b1c0eca09d1621c509601a798cabe3,0.0,1.0,0.0,36.0,0.0,0.0,0.0,0.0,0.0,0.0,0.0,0.0,0.0,0.0,0.0,192.0,8.0,239596,376832,798720,408064,0,348432,380928,348672,377856,376383,376832,1024,4096,380928,4194304,0,4096,1024
sha1:50f623da7f4bc5527cbe84c7cf5a98bf1a2bc1c5,3.0,4.0,0.0,40.0,1.0,0.0,0.0,0.0,440.0,428.0,0.0,0.0,0.0,2.0,2.0,172.0,6.0,9212,5632,270336,256000,0,20028,12288,20480,6656,5562,5632,1024,4096,12288,4194304,283949,4096,1024
sha1:ef5c930520b57736609da4965a2ff52ee39f7ea4,0.0,1.0,0.0,38.0,0.0,0.0,0.0,0.0,50.0,50.0,0.0,0.0,0.0,0.0,0.0,1.0,1.0,174414,166400,311296,119808,0,6730,53248,7168,49152,166228,166400,512,8192,0,4194304,0,8192,512
sha1:f46ef9ff8d741650bfcdab3034a870d8460b6472,1.0,1.0,0.0,33.0,0.0,1.0,0.0,0.0,384.0,384.0,0.0,0.0,0.0,0.0,8.0,1.0,1.0,124818,116736,229376,90112,0,36960,151552,37376,145920,116632,116736,512,8192,131072,4194304,0,8192,512
sha1:9adfcac27e984fdc57fb7e4b3a1f0822e684b0d6,0.0,1.0,0.0,36.0,0.0,0.0,0.0,1.0,27.0,27.0,0.0,0.0,1.0,0.0,1.0,143.0,8.0,19388,16384,94208,73728,0,3890,20480,4096,17408,15734,16384,1024,4096,20480,4194304,89591,4096,1024
sha1:8fccda838ffdd3b28b71c3fba700bf4cbaa945b7,5.0,12.0,3.0,51.0,196.0,4429.0,289.0,18.0,1219.0,1208.0,0.0,0.0,0.0,0.0,0.0,9.0,1.0,43472,40448,102400,54272,0,9782,45056,10240,41472,39973,40448,1024,4096,45056,4194304,0,4096,1024
sha1:d8cb7816fcc2b652df45a8da892d04dd9aa5c45f,0.0,0.0,0.0,0.0,0.0,0.0,0.0,0.0,0.0,0.0,0.0,0.0,0.0,0.0,0.0,103.0,5.0,102668,104448,147456,28160,0,15000,110592,15360,105472,104261,104448,1024,4096,110592,4194304,0,4096,1024
sha1:e8328c960e000c606b36a3887bc5d154afcfc141,1.0,1.0,0.0,34.0,0.0,0.0,0.0,0.0,1036.0,1036.0,0.0,0.0,0.0,0.0,1.0,93.0,5.0,201214,52736,524288,455680,0,5016,32768,5120,27136,52376,52736,1024,4096,57344,4194304,452833,4096,1024
sha1:ad755ad7e406ba4352f0c85cddb4e5f5c8a82e43,0.0,1.0,0.0,34.0,0.0,0.0,0.0,0.0,126.0,126.0,0.0,0.0,0.0,0.0,3.0,0.0,0.0,32591,179712,204800,2048,0,72434,208896,72704,204288,179540,179712,512,8192,188416,4194304,0,8192,512
sha1:ff4b2ef332f97f3adaae9b1d4ffa6c4cef6b2b7f,2.0,2.0,0.0,34.0,11.0,1.0,1.0,10.0,1415.0,1410.0,5.0,0.0,0.0,0.0,0.0,165.0,7.0,13145,157220,4806166,1599616,8264,21124,206696,22066,161352,156949,157220,4132,16534,206696,68764420,19171184,16534,4132
sha1:1a2bb7d9083f80886e2906db5cf3dd8e5881ef1b,0.0,1.0,0.0,37.0,0.0,0.0,0.0,2.0,22.0,22.0,0.0,0.0,0.0,0.0,4.0,470.0,14.0,643552,704512,1236992,497152,0,156008,708608,156160,705536,704065,704512,1024,4096,708608,4194304,0,4096,1024
sha1:17757b821ee9b081fcc142dcc7aff5a147de6095,6.0,6.0,0.0,40.0,1.0,2.0,0.0,0.0,443.0,431.0,0.0,0.0,1.0,0.0,42.0,124.0,7.0,18272,129536,188416,43008,0,16806,135168,16896,130560,129258,129536,1024,4096,135168,4194304,0,4096,1024
sha1:638d549a24bb0a28e462c70880bf3f979f137cc6,0.0,1.0,0.0,34.0,0.0,0.0,0.0,0.0,0.0,0.0,0.0,0.0,0.0,0.0,0.0,80.0,1.0,61726,66048,311296,230912,0,7460,73728,7680,67072,66004,66048,1024,4096,73728,4194304,0,4096,1024
sha1:b5c1be1a279914cf63c84722aaa6ccf7ab5609fb,1.0,3.0,0.0,35.0,0.0,427.0,11.0,319.0,136.0,98.0,38.0,0.0,1.0,1.0,2.0,10.0,7.0,306256,131072,315392,8192,172032,16652,69632,16896,66560,65211,65536,1024,176128,307200,4194304,0,4096,4096
sha1:3e9756f89adc1b7be8cd75df36946beaa4ade086,0.0,1.0,0.0,36.0,0.0,0.0,0.0,0.0,24.0,24.0,0.0,0.0,0.0,0.0,0.0,1.0,1.0,11145854,11138048,11165696,3584,0,24,28672,512,7680,11137668,11138048,512,8192,11149312,4194304,0,8192,512
sha1:0833825dc1a30c7a47f06f7269eae3c994681571,2.0,2.0,0.0,33.0,0.0,6.0,0.0,2.0,2030.0,2020.0,10.0,0.0,2.0,1.0,2.0,1.0,1.0,568294,560128,589824,2048,0,5018,32768,5120,27648,560108,560128,512,8192,573440,4194304,0,8192,512
sha1:f99d8057b51105fa5ecedb6ad72262b635201c5f,0.0,0.0,0.0,0.0,0.0,0.0,0.0,0.0,0.0,0.0,0.0,0.0,0.0,0.0,0.0,104.0,2.0,39696,162816,335872,89088,0,71738,167936,72192,163840,162784,162816,1024,4096,20480,5368709120,7208573,4096,1024
sha1:229fbb64d4dd347c1d6cab79ce9414a39c7c9a5a,1.0,7.0,1.0,132.0,2.0,14.0,0.0,0.0,94.0,63.0,0.0,0.0,2.0,3.0,18.0,41.0,9.0,10860,24576,679936,651264,0,4050,28672,4096,28672,21854,24576,4096,4096,28672,4194304,1,4096,4096
sha1:fe794cf8a4cce92942f1fcc067b38f4dabd4e371,0.0,0.0,0.0,0.0,0.0,0.0,0.0,0.0,0.0,0.0,0.0,0.0,0.0,0.0,0.0,658.0,22.0,2173504,2486272,4894720,2359808,0,695380,2490368,695808,2487296,2486020,2486272,1024,4096,172032,5368709120,4856702,4096,1024
sha1:4e8c4b6e7bdf91ccf0c2f09fc4767c71648da24e,2.0,3.0,0.0,37.0,0.0,0.0,5.0,12.0,396.0,332.0,0.0,0.0,8.0,1.0,16.0,37.0,3.0,4911,4096,57344,3584,0,1158,8192,1536,5120,3732,4096,1024,4096,8192,4194304,0,4096,1024
sha1:3330cd73aa7106c21ffb27adaa0d746bdeee5bfa,0.0,1.0,0.0,34.0,0.0,0.0,23.0,1.0,0.0,0.0,0.0,0.0,0.0,0.0,0.0,42.0,6.0,32996,29696,110592,10752,0,24,94208,512,34304,104940,104960,1024,4096,36864,4194304,0,4096,1024
sha1:e1b91fa675e71a19a47792e75308d7f687209431,1.0,1.0,0.0,34.0,42.0,16536.0,31.0,628.0,3014.0,3014.0,0.0,0.0,0.0,0.0,10.0,11.0,5.0,786320,917504,1028096,99328,0,42052,110592,42496,106496,917091,917504,1024,4096,921600,4194304,984234,4096,1024
sha1:ab5e473cac0f19dc6f56e7b32ac3c4d1018d4e87,0.0,0.0,0.0,28.0,0.0,3.0,0.0,3.0,896.0,370.0,0.0,0.0,0.0,0.0,0.0,112.0,2.0,7040,663552,1769472,97792,0,29232,389120,12288,875008,55699,192000,0,4096,102400,5368709120,0,4096,512
sha1:6bd36e54d7f3cf7d4f599454b505bc58d385ed4d,1.0,5.0,0.0,37.0,0.0,0.0,0.0,0.0,156.0,156.0,0.0,0.0,0.0,0.0,0.0,1.0,1.0,756362,748544,778240,1536,0,5018,32768,5120,27648,748176,748544,512,8192,761856,4194304,0,8192,512
sha1:4bffb8ec39950905a2acbf7041cf30cf60b826d2,0.0,4.0,0.0,27.0,0.0,1.0,0.0,0.0,0.0,831.0,46.0,2.0,0.0,0.0,11.0,21.0,1.0,163850,165490,163840,12861440,0,56636,1515570,512,1468690,20480,1594180,512,8192,472872,4194304,0,4096,4096
sha1:9ba925818ca7a11ab894981cb04d97c1262dfdc9,4.0,6.0,0.0,37.0,2.0,3.0,0.0,1.0,4026.0,4008.0,18.0,0.0,2.0,0.0,6.0,0.0,0.0,390261,0,0,0,0,0,0,0,0,0,0,0,0,0,0,0,0,0
sha1:40a813d602c798c1688137214200646f796d9a3b,0.0,0.0,0.0,37.0,0.0,3.0,0.0,0.0,0.0,641.0,3.0,0.0,0.0,0.0,11.0,43.0,3.0,29577,2438144,2998272,90624,0,32700,626688,33170,1217846,4563672,339968,1024,16534,708608,68764420,106191,16534,1024
sha1:be70a8a81f197a804701d2ec64d0a521df83e2c6,2.0,25.0,5.0,65.0,1.0,52.0,52.0,42.0,106417.0,105575.0,0.0,0.0,13.0,9.0,53.0,1.0,1.0,89088,268676,472872,5430,0,42550,167936,43008,163840,268406,268676,1298,33170,0,68764420,0,33170,1298
sha1:31e2f1a6726fde67ac0a641c000af2e2c826971f,0.0,1.0,0.0,36.0,0.0,0.0,0.0,0.0,240.0,240.0,0.0,0.0,0.0,0.0,0.0,10.0,5.0,692048,196608,704512,8192,495616,202549,1998848,202752,1346560,1345091,1345536,1024,499712,696320,4194304,0,4096,4096
sha1:b97680618326582b01e57435dc04f0e93d94e6a7,1.0,3.0,0.0,40.0,0.0,328.0,10.0,235.0,148.0,76.0,0.0,0.0,0.0,1.0,2.0,73.0,2.0,28204,49152,2211840,1036288,1114112,23024,77824,23040,74240,72707,73216,1024,1118208,1167360,4194304,0,4096,1024
sha1:17dcbb352b521926002c1c3a607471cb14808bb4,0.0,3.0,0.0,41.0,0.0,0.0,0.0,0.0,106.0,106.0,0.0,0.0,0.0,0.0,3.0,0.0,0.0,8613107,590098,5539940,74376,4465512,24,872448,512,844800,519508,519680,1024,4482148,5465462,68764420,0,16534,16534
sha1:52daaa5ef8e8df0d71c4d846ea243ac74c7c32e6,1.0,4.0,0.0,43.0,59.0,3.0,5.0,2.0,3461.0,3444.0,17.0,0.0,1.0,4.0,6.0,137.0,2.0,5424,113152,614400,487936,0,35380,118784,35840,114176,112800,113152,1024,4096,118784,4194304,549249,4096,1024
sha1:b6ffb11970462812794a96ba8e01e91d3a56e0e3,0.0,4.0,1.0,40.0,0.0,0.0,0.0,0.0,1435.0,1408.0,26.0,1.0,0.0,0.0,3.0,229.0,9.0,61718,58880,102400,30720,0,11754,65536,11776,59904,58488,58880,1024,4096,65536,4194304,153062,4096,1024
sha1:8f83fa6411a50189001fbba54de212103ebbb88b,2.0,2.0,0.0,37.0,1.0,0.0,0.0,0.0,67.0,62.0,5.0,0.0,0.0,2.0,3.0,525.0,13.0,110447,479232,724992,241664,0,76644,483328,77824,483328,477709,479232,4096,4096,483328,4194304,754461,4096,4096
sha1:3731706269f77882a66412432c2d00afd879237c,0.0,1.0,0.0,30.0,0.0,0.0,0.0,0.0,275.0,275.0,0.0,0.0,2.0,0.0,12.0,1.0,1.0,14654,6656,32768,2560,0,341513,2351104,344064,2351104,6468,6656,512,8192,16384,4194304,0,8192,512
sha1:7f8d0fa3e8971e9ee25e98bd35c9ab1b4a80bf31,1.0,3.0,0.0,39.0,0.0,0.0,0.0,2.0,328.0,292.0,0.0,0.0,1.0,1.0,4.0,378.0,12.0,362816,557056,847872,262144,0,125144,561152,125440,558080,556561,557056,1024,4096,561152,4194304,841946,4096,1024
sha1:2dbdd7e87fc53bc6683bd8d1caec4a7eb638ef1d,0.0,1.0,0.0,34.0,0.0,0.0,0.0,1.0,12.0,12.0,0.0,0.0,0.0,0.0,0.0,83.0,3.0,14176,159744,1429504,1265664,0,5581,163840,8192,163840,155744,159744,4096,4096,4096,4194304,0,4096,4096
sha1:0f34c29d2ce181dbe88bcb5d28ea8aa3c5bbd5e3,4.0,16.0,0.0,52.0,169.0,1307.0,202.0,9.0,4412.0,4168.0,244.0,0.0,0.0,0.0,0.0,111.0,9.0,12199,213764,489508,88178,0,14088,264544,16534,217896,213504,213764,4132,16534,264544,68764420,607112,16534,4132
sha1:f3ec21da2b7f5081ef17b7a9ee17d441cb05c39d,0.0,0.0,0.0,0.0,0.0,0.0,0.0,0.0,0.0,0.0,0.0,0.0,0.0,0.0,0.0,79.0,9.0,7256,6144,36864,10240,0,6240,12288,6656,7168,5852,6144,1024,4096,49152,5368709120,0,4096,1024
sha1:1bc96346587bed249c357647e7443605058db850,1.0,1.0,0.0,31.0,0.0,0.0,0.0,0.0,487.0,487.0,0.0,0.0,0.0,0.0,3.0,117.0,3.0,23281,88576,827392,738816,0,114278,696320,114688,691200,88080,88576,1024,4096,94208,4194304,404304,4096,1024
sha1:56b4c65be18ca0ff558c037ea167a3ced8386090,0.0,4.0,0.0,41.0,0.0,0.0,0.0,6.0,47.0,47.0,0.0,0.0,0.0,0.0,3.0,0.0,0.0,1253376,295424,1359872,773120,0,207740,1376256,207872,935424,934230,934400,1024,4096,303104,4194304,0,4096,1024
sha1:b0ef52362a6d28794d0462ca8c295e1273c43525,1.0,1.0,0.0,30.0,1.0,5.0,0.0,1.0,670.0,670.0,0.0,0.0,0.0,0.0,4.0,165.0,7.0,13784,26112,581632,141824,2048,5016,32768,5120,27136,25970,26112,1024,4096,32768,4194304,513298,4096,1024
sha1:f19da88cc5421f8e22dfdab7b63205f086c2d9f0,0.0,1.0,1.0,34.0,0.0,0.0,0.0,0.0,339.0,339.0,0.0,0.0,1.0,0.0,2.0,1.0,1.0,146094,138240,237568,70656,0,10566,28672,10752,24064,137908,138240,1024,8192,147456,4194304,0,8192,1024
sha1:500462225f2e9a7a1ec76ba093e7911271eb2a04,9.0,35.0,1.0,94.0,9.0,0.0,0.0,0.0,1410.0,766.0,0.0,0.0,7.0,5.0,11.0,121.0,3.0,9021,94208,26279936,26164224,0,6055516,98304,6055936,95232,94104,94208,1024,4096,98304,4194304,6282670,4096,1024
sha1:ccd779d88ef06c59f6bea08a8a6f532ad0a07d06,0.0,0.0,0.0,0.0,0.0,0.0,0.0,0.0,0.0,0.0,0.0,0.0,0.0,0.0,0.0,16.0,2.0,7362,4096,31436800,31420928,0,31420270,8192,31420416,5120,3752,4096,1024,4096,77824,4194304,31454813,4096,1024
sha1:0c19cbeb5b6bfac331633606a92a3878dacb2b8e,3.0,6.0,0.0,46.0,0.0,670.0,26.0,10.0,5722.0,5654.0,68.0,0.0,113.0,6.0,161.0,24.0,1.0,18430,53760,196608,129536,0,15606,61440,15872,54784,53508,53760,1024,4096,61440,4194304,0,4096,1024
sha1:536cc4320787675d8f2bdf36e1cc9a4cde557ce4,0.0,1.0,0.0,38.0,0.0,0.0,0.0,0.0,2.0,2.0,0.0,0.0,0.0,0.0,4.0,37.0,2.0,5104,5632,118784,13312,512,1276,16384,1536,7680,5588,5632,1536,4096,12288,4194304,154722,4096,1536
sha1:1067129df65bf4df554e0ab0daf26211fe7e5887,2.0,3.0,0.0,34.0,1.0,2.0,1.0,0.0,2447.0,2409.0,38.0,0.0,3.0,1.0,7.0,1.0,1.0,75670,67584,122880,26624,0,5018,32768,5120,27648,67508,67584,512,8192,770048,4194304,0,8192,512
sha1:07b7de4427c91bfd2c7b0d3cbdbe0a1a49e10472,0.0,0.0,0.0,0.0,0.0,0.0,0.0,0.0,0.0,0.0,0.0,0.0,0.0,0.0,0.0,99.0,2.0,40196,144896,417792,189440,0,70780,151552,71168,145920,144672,144896,1024,4096,229376,5368709120,13519243,4096,1024
sha1:7a4b2ec5fa606a04ecec3dfad1aaa77e206af8cc,1.0,4.0,0.0,38.0,1.0,0.0,0.0,0.0,72.0,68.0,4.0,0.0,0.0,0.0,0.0,527.0,9.0,1858656,1855488,1994752,128000,0,555,1859584,1024,1856512,1855064,1855488,1024,4096,1859584,4194304,0,4096,1024
sha1:0d1f88f3543d53089e898f69be3bb1797c4549cc,0.0,0.0,0.0,29.0,0.0,2.0,0.0,3.0,0.0,0.0,0.0,0.0,0.0,0.0,10.0,0.0,22.0,107871,290816,9011200,2302464,0,207676,59331222,3584,471040,2072252,18117522,1298,16534,360448,68764420,0,16534,4096
sha1:c372c68d68935c9577438f77c92ef5e1e9b6667a,1.0,3.0,1.0,38.0,2.0,1.0,0.0,0.0,88.0,83.0,5.0,0.0,4.0,0.0,9.0,1.0,1.0,626634,618496,647168,2048,0,12702,36864,12800,32256,618448,618496,512,8192,630784,4194304,0,8192,512
sha1:cf3e9514713fbedaa812c5d5265fdc41aa15d1c1,0.0,0.0,0.0,0.0,0.0,0.0,0.0,0.0,0.0,0.0,0.0,0.0,0.0,0.0,0.0,154.0,7.0,50000,53760,237568,157184,0,4060688,4055040,4061184,4049408,53732,53760,1024,4096,86016,4294967296,231587,4096,1024
sha1:c1a5dfd851337cd12770244c97e83b7066dea781,1.0,6.0,0.0,47.0,0.0,0.0,0.0,1.0,324.0,324.0,0.0,0.0,0.0,0.0,0.0,110.0,6.0,17024,33792,73728,23040,0,6052,40960,6144,34816,33487,33792,1024,4096,40960,4194304,0,4096,1024
sha1:dcb4c5bd49bf3e9578f89afdbebd06a968aad4ad,0.0,0.0,0.0,0.0,0.0,0.0,0.0,0.0,0.0,0.0,0.0,0.0,0.0,0.0,0.0,98.0,2.0,40240,144896,376832,146944,0,70908,151552,71168,145920,144864,144896,1024,4096,5885952,5368709120,7007397,4096,1024
sha1:34924a324da597c6df88b1719af7907fd2f6df73,1.0,4.0,0.0,45.0,0.0,0.0,0.0,0.0,74.0,74.0,0.0,0.0,0.0,0.0,3.0,1.0,1.0,596366,588288,638976,26112,0,5018,32768,5120,27648,588180,588288,512,8192,598016,4194304,0,8192,512
sha1:a6d509d114d8a27df7c5e45323ae11f5c9c11514,0.0,3.0,0.0,41.0,0.0,0.0,0.0,0.0,74.0,74.0,0.0,0.0,0.0,0.0,4.0,20.0,15.0,5178352,1257472,5320704,139264,3919872,14370,81920,16384,81920,75637,77824,4096,3923968,5181440,4194304,0,4096,4096
sha1:0c1837bebaac98ee5f50a01d27e5613f7928dc9e,2.0,3.0,0.0,35.0,0.0,0.0,0.0,0.0,631.0,631.0,0.0,0.0,1.0,0.0,6.0,0.0,0.0,1906035,0,0,0,0,0,0,0,0,0,0,0,0,0,0,0,0,0
sha1:01f1c9e1a73e90667c2228d8088ecda81443ae4a,0.0,1.0,0.0,34.0,0.0,0.0,0.0,0.0,7.0,7.0,0.0,0.0,0.0,0.0,3.0,0.0,0.0,794127,3584,32768,2048,0,14626,74376,16534,22066,3240,3584,512,8192,16384,4194304,0,8192,512
sha1:0365f94938094a7a2b5831080871cb077ea64585,5.0,5.0,0.0,36.0,4.0,8.0,0.0,4.0,2368.0,2344.0,24.0,0.0,1.0,1.0,6.0,165.0,7.0,13888,26624,245760,141824,2048,5018,32768,5120,27648,26230,26624,1024,4096,32768,4194304,0,4096,1024
sha1:44303648db78913e374e7ef4c93b83f045b2b9bc,0.0,2.0,0.0,37.0,0.0,0.0,0.0,0.0,705.0,702.0,0.0,3.0,0.0,0.0,3.0,0.0,0.0,13888,45056,655360,598528,0,23198,49152,23552,46080,44767,45056,1024,4096,49152,4194304,0,4096,1024
sha1:60b4f77132f8eab1ff5bd0c7c96be3e69b3f4c34,3.0,21.0,0.0,59.0,46.0,1665.0,590.0,672.0,204.0,187.0,17.0,0.0,0.0,0.0,0.0,74.0,3.0,7198,45056,491520,435200,0,22554,49152,23040,46080,44679,45056,1024,4096,49152,4194304,0,4096,1024
sha1:e5111b8258f64a038810343f88df725cde00717f,0.0,14.0,0.0,0.0,0.0,0.0,0.0,0.0,4570.0,862.0,1.0,0.0,0.0,0.0,0.0,41.0,0.0,4096,160256,3117056,5642240,0,258842,1048576,244736,2398720,1060278,20992,1024,4096,472872,5368709120,100097,4096,1024
sha1:ad057966d5a657fa91f5d15abac07a212b544531,2.0,3.0,0.0,41.0,2.0,0.0,0.0,0.0,330.0,310.0,20.0,0.0,0.0,4.0,2.0,114.0,2.0,6779133,745472,6905856,1128448,4096,59040,823296,0,0,745332,0,0,4096,749568,4194304,4030736,4096,1024
sha1:d90a9ccba4a4d85dc9068cf6ea55e0ae659f6a2f,0.0,3.0,0.0,37.0,0.0,0.0,0.0,0.0,35.0,35.0,0.0,0.0,0.0,0.0,2.0,0.0,0.0,4532,606208,1683456,28672,1044480,24,245760,512,65536,4134932,4135424,512,1048576,1654784,4194304,0,4096,4096
sha1:af5cb4e512049dac6aaac5eddd1e779accf1dcf9,4.0,4.0,0.0,37.0,1.0,0.0,0.0,0.0,75.0,60.0,0.0,0.0,0.0,1.0,1.0,382.0,8.0,11895,241664,446464,200704,0,33617,245760,36864,245760,238173,241664,4096,4096,245760,4194304,0,4096,4096
sha1:0ece9434740385a807250ff9e7b145ac4ee3ef1f,0.0,1.0,0.0,34.0,0.0,0.0,0.0,0.0,31.0,31.0,0.0,0.0,0.0,0.0,3.0,779.0,17.0,6168528,6163456,7618560,1355264,0,93,6426624,512,6331392,6142148,6142464,1024,4096,6172672,4194304,7576157,4096,1024
sha1:7f5dfd0cf802700ca089e28b1f55241007f4bd9b,2.0,3.0,0.0,37.0,0.0,0.0,5.0,11.0,353.0,300.0,50.0,3.0,2.0,3.0,3.0,650.0,18.0,982611,1174528,1785856,599552,0,293718,1179648,293888,1175552,1174057,1174528,1024,4096,1179648,4194304,0,4096,1024
sha1:0a30f5ba415e4d09d0b2a5e29e3ed7f486cf1082,0.0,2.0,0.0,39.0,0.0,0.0,0.0,0.0,84.0,84.0,0.0,0.0,0.0,0.0,2.0,0.0,0.0,10302,6372864,30519296,2698240,0,93,6651904,0,0,6355224,0,0,4096,6381568,4194304,0,4096,1024
sha1:71069cb0a3dc4d2016520a2707387bcc6ebee3bb,2.0,2.0,0.0,33.0,1.0,0.0,0.0,16.0,32.0,29.0,3.0,0.0,2.0,0.0,8.0,213.0,16.0,148434,330752,2158592,1568768,0,55156,335872,55296,331776,330697,330752,1024,4096,335872,4194304,1924738,4096,1024
sha1:e723c77fa8715f17deb65d5c976b59180d89fde8,0.0,1.0,0.0,35.0,0.0,0.0,0.0,0.0,17.0,17.0,0.0,0.0,0.0,0.0,0.0,1.0,1.0,10302,2560,32768,2048,0,1156,393216,1536,384512,2116,2560,512,8192,16384,4194304,0,8192,512
sha1:e58b0d6a289be0a12f20587cf8945233a086a27e,2.0,2.0,0.0,31.0,0.0,0.0,0.0,0.0,418.0,418.0,0.0,0.0,2.0,0.0,9.0,2.0,2.0,4529288,456704,7020544,74240,0,55776,143360,55808,139776,25364,25600,1024,8192,466944,4194304,3001744,8192,1024
sha1:978bba2dea8e536b1ce02aa5fb318089f25287cf,0.0,1.0,0.0,36.0,0.0,0.0,0.0,0.0,0.0,0.0,0.0,0.0,0.0,0.0,0.0,0.0,0.0,39829,70144,118784,32768,0,24,94208,512,34304,72036,72192,1024,4096,77824,4194304,0,4096,1024
sha1:b2c181c008fd857b0f0122dbfd05d4193654ccc2,1.0,1.0,0.0,34.0,0.0,0.0,0.0,0.0,24.0,24.0,0.0,0.0,0.0,0.0,3.0,0.0,0.0,6576,23552,4169728,3783680,1024,4558,28672,4608,24576,23496,23552,1024,4096,28672,4194304,1117353,4096,1024
sha1:6f704c6f4aa8265a760d0479ad4ec6c29b03c623,0.0,2.0,0.0,40.0,0.0,0.0,0.0,0.0,0.0,0.0,0.0,0.0,0.0,0.0,0.0,307.0,9.0,657577,1341952,2453504,446464,0,324608,1986560,324608,1342976,1341898,1341952,1024,4096,4096,4194304,0,4096,1024
sha1:1ded9313651fc616370fbfa4d5352b78d5ab49d6,137.0,341.0,132.0,488.0,3.0,0.0,0.0,0.0,109712.0,106818.0,2894.0,0.0,1.0,0.0,3.0,71.0,2.0,6724398,201266,75047712,74712584,0,75522,223332,75776,205398,198534,201266,4132,16534,223332,68764420,75059841,16534,4132
sha1:70cd5f7a8c03c3f2fb0b7b94a5300f8a839325f4,0.0,1.0,1.0,36.0,0.0,0.0,0.0,0.0,554.0,554.0,0.0,0.0,1.0,0.0,1.0,1.0,1.0,24590,16896,49152,1536,0,13221,77824,13312,71680,16404,16896,512,8192,32768,4194304,0,8192,512
sha1:0d2d170ba8b7dc62612c25a60d9e7aee42c63a3d,6.0,41.0,16.0,92.0,18.0,1072.0,0.0,502.0,2384.0,2370.0,11.0,3.0,0.0,0.0,10.0,114.0,4.0,30650,28672,3624960,3592192,0,24432,32768,24576,32768,27056,28672,4096,4096,32768,4194304,3656512,4096,4096
sha1:2e0b53beec038f8a08cdf5ea37f27baa89572172,0.0,0.0,0.0,33.0,8.0,3.0,0.0,0.0,856.0,37.0,0.0,0.0,0.0,0.0,0.0,242.0,0.0,31423,70656,393216,283648,0,15130168,299008,56320,9497600,1393812,557056,1024,4096,1003520,4194304,0,4096,1024
sha1:f899fd6f136640fc986f8b575592848b76c25763,2.0,2.0,0.0,31.0,0.0,0.0,0.0,0.0,615.0,615.0,0.0,0.0,2.0,1.0,5.0,1.0,1.0,1036010,1028096,1056768,2048,0,4770,28672,5120,25600,1027824,1028096,512,8192,1040384,4194304,0,8192,512
sha1:1d3c9f3d376283c54b65965700f96e4e7e4fa8c5,0.0,1.0,0.0,36.0,0.0,0.0,0.0,0.0,15.0,15.0,0.0,0.0,0.0,0.0,0.0,42.0,4.0,49496,45056,757760,670720,0,24,86016,512,51712,43216,43520,1024,4096,53248,4194304,740350,4096,1024
sha1:95c80e7d538c1bf48cc912664a4953309a3a0d11,1.0,7.0,0.0,50.0,2.0,3.0,0.0,0.0,73.0,69.0,4.0,0.0,0.0,0.0,0.0,87.0,3.0,4696,69632,64122880,64062976,0,8458,73728,8704,70656,69372,69632,1024,4096,73728,4194304,677053,4096,1024
sha1:cfadc1404cc5a36aa25d86b2f97a08c967f75950,0.0,1.0,0.0,36.0,0.0,0.0,0.0,0.0,28.0,28.0,0.0,0.0,0.0,0.0,0.0,1.0,1.0,449998,441856,696320,225280,0,29130,237568,32768,237568,441812,441856,1024,8192,450560,4194304,0,8192,1024
sha1:2a248ed7dc796891bfa5f542c5b3aca7893174f3,1.0,2.0,0.0,35.0,0.0,0.0,0.0,2.0,105.0,95.0,0.0,0.0,0.0,1.0,2.0,259.0,9.0,57442,147456,274432,122880,0,29484,151552,32768,151552,145231,147456,4096,4096,151552,4194304,0,4096,4096
sha1:ff8792ae8c73277168ed7301af8af48352775159,0.0,1.0,0.0,35.0,0.0,0.0,0.0,0.0,19.0,19.0,0.0,0.0,0.0,0.0,0.0,7.0,2.0,344288,155648,352256,4096,188416,229171,1265664,229376,1260032,217888,218112,512,192512,348160,4194304,0,4096,4096
sha1:5a90a6b74b51fb4bced77aa958482861bee138b1,3.0,7.0,1.0,42.0,1.0,3.0,2.0,28.0,443.0,353.0,0.0,0.0,5.0,2.0,1155.0,166.0,7.0,13238,25088,258048,128512,2048,5028,32768,5120,26112,24925,25088,1024,4096,32768,4194304,280007,4096,1024
