trace_id,sample_key,split,vt_behavior_id,sandbox_name,analysis_date,event_count,field_coverage,is_canonical,trace_quality,ordering_known,sequence_eligible,raw_report_path,network_policy
3d0cb628c29c240ae4423b8165c2b0be2cb0f7a4b153699779215e5592dd98e3,sha1:68dd37baadb7590b07d6637b883394f3037e7729,test,a8b841c86c82aa4f72746b5cea3b26cadfd054fcae48251dbc9472ee99790d81_CAPA,CAPA,1782459161,0,0,0,insufficient_events,0,0,raw/vt/behaviours/a8b841c86c82aa4f72746b5cea3b26cadfd054fcae48251dbc9472ee99790d81.json,unknown
5420c543e71ee031151f1a63f76ed69b02ae6c6dd3a097c092eadd659151d8a0,sha1:68dd37baadb7590b07d6637b883394f3037e7729,test,a8b841c86c82aa4f72746b5cea3b26cadfd054fcae48251dbc9472ee99790d81_CAPE Sandbox,CAPE Sandbox,1723094534,1,1,0,insufficient_events,0,0,raw/vt/behaviours/a8b841c86c82aa4f72746b5cea3b26cadfd054fcae48251dbc9472ee99790d81.json,unknown
49ce293be339303f0bd320f8e7370d8135a6f030891ed228af3644e0f6a62318,sha1:68dd37baadb7590b07d6637b883394f3037e7729,test,a8b841c86c82aa4f72746b5cea3b26cadfd054fcae48251dbc9472ee99790d81_Microsoft Sysinternals,Microsoft Sysinternals,1636981307,25,6,1,valid,0,0,raw/vt/behaviours/a8b841c86c82aa4f72746b5cea3b26cadfd054fcae48251dbc9472ee99790d81.json,unknown
3ad43f90e79c1a845b5b07623d092303e3389153feb3a29cdd51485f6e8b3d92,sha1:68dd37baadb7590b07d6637b883394f3037e7729,test,a8b841c86c82aa4f72746b5cea3b26cadfd054fcae48251dbc9472ee99790d81_Tencent HABO,Tencent HABO,1633472404,12,2,0,valid,0,0,raw/vt/behaviours/a8b841c86c82aa4f72746b5cea3b26cadfd054fcae48251dbc9472ee99790d81.json,unknown
81faac0f3569941e52aad2e930f4739d9880900b2c6aa35659026ecc48da8da3,sha1:68dd37baadb7590b07d6637b883394f3037e7729,test,a8b841c86c82aa4f72746b5cea3b26cadfd054fcae48251dbc9472ee99790d81_Zenbox,Zenbox,1648643590,25,2,0,valid,0,0,raw/vt/behaviours/a8b841c86c82aa4f72746b5cea3b26cadfd054fcae48251dbc9472ee99790d81.json,unknown
3e09a45b045ed2b8e66cb1ddb6a2b97f9082c3fcaac0018e49644913467a3146,sha1:c7eccd3b344ad8de0cc2cf913527a01b114b405a,train,eb6478f051ae5b16921ed95f6a2f761512c79787ac2b54f0d00742ad526c34b8_C2AE,C2AE,1623580900,62,4,0,valid,0,0,raw/vt/behaviours/eb6478f051ae5b16921ed95f6a2f761512c79787ac2b54f0d00742ad526c34b8.json,unknown
45d6775a01d6e4531918eed2dbc337f2cbe66c7a7d18ac81f574baa3faef430f,sha1:c7eccd3b344ad8de0cc2cf913527a01b114b405a,train,eb6478f051ae5b16921ed95f6a2f761512c79787ac2b54f0d00742ad526c34b8_Rising MOVES,Rising MOVES,1592138456,48,8,0,valid,0,0,raw/vt/behaviours/eb6478f051ae5b16921ed95f6a2f761512c79787ac2b54f0d00742ad526c34b8.json,unknown
a044806301a025bb0a6413e0ceb6efb33d20447b11c12206392c3d515fc17cf1,sha1:c7eccd3b344ad8de0cc2cf913527a01b114b405a,train,eb6478f051ae5b16921ed95f6a2f761512c79787ac2b54f0d00742ad526c34b8_Tencent HABO,Tencent HABO,1589685675,282,8,1,valid,0,0,raw/vt/behaviours/eb6478f051ae5b16921ed95f6a2f761512c79787ac2b54f0d00742ad526c34b8.json,unknown
3fbe1b2c88e6aef73b550f65dd464819afd5475ddbc6f4071e16c9196c457c53,sha1:c7eccd3b344ad8de0cc2cf913527a01b114b405a,train,eb6478f051ae5b16921ed95f6a2f761512c79787ac2b54f0d00742ad526c34b8_VirusTotal Jujubox,VirusTotal Jujubox,1589620805,51,8,0,valid,0,0,raw/vt/behaviours/eb6478f051ae5b16921ed95f6a2f761512c79787ac2b54f0d00742ad526c34b8.json,unknown
75dd1b76ccf249bce737fe83895cbd8a1bcf55465d7cc1e27724c7f654388532,sha1:c7eccd3b344ad8de0cc2cf913527a01b114b405a,train,eb6478f051ae5b16921ed95f6a2f761512c79787ac2b54f0d00742ad526c34b8_Yomi Hunter,Yomi Hunter,1613040428,99,7,0,valid,0,0,raw/vt/behaviours/eb6478f051ae5b16921ed95f6a2f761512c79787ac2b54f0d00742ad526c34b8.json,unknown
08d95a79575acf044504e93787c17a22f3b6edc43868a4fc86eafe0a748f6f8a,sha1:c7eccd3b344ad8de0cc2cf913527a01b114b405a,train,eb6478f051ae5b16921ed95f6a2f761512c79787ac2b54f0d00742ad526c34b8_Zenbox,Zenbox,1623576799,310,6,0,valid,0,0,raw/vt/behaviours/eb6478f051ae5b16921ed95f6a2f761512c79787ac2b54f0d00742ad526c34b8.json,unknown
e0e38d54a190f61376c4fbabacf5750e205c812e7f00dcb7b2997a4ae94a9f87,sha1:a3bd129ca6c5eee4ee575847dea326ca147b9527,validation,e3df9868c3a3fc23dc3795e0e9050c4f0bc03145461d45219138cb8bb530e8f3_C2AE,C2AE,1640470866,8,3,0,valid,0,0,raw/vt/behaviours/e3df9868c3a3fc23dc3795e0e9050c4f0bc03145461d45219138cb8bb530e8f3.json,unknown
55405e1a2d37eb81cbfced2920191b0c6b38530beea32816dd2bdd4ea15b7443,sha1:a3bd129ca6c5eee4ee575847dea326ca147b9527,validation,e3df9868c3a3fc23dc3795e0e9050c4f0bc03145461d45219138cb8bb530e8f3_Microsoft Sysinternals,Microsoft Sysinternals,1640466265,19,5,0,valid,0,0,raw/vt/behaviours/e3df9868c3a3fc23dc3795e0e9050c4f0bc03145461d45219138cb8bb530e8f3.json,unknown
444b06877f33877439c631ef65629e662ef3aac56f6c4909b304b4cbae01ae7b,sha1:a3bd129ca6c5eee4ee575847dea326ca147b9527,validation,e3df9868c3a3fc23dc3795e0e9050c4f0bc03145461d45219138cb8bb530e8f3_VirusTotal Jujubox,VirusTotal Jujubox,1640706383,119,4,0,valid,0,0,raw/vt/behaviours/e3df9868c3a3fc23dc3795e0e9050c4f0bc03145461d45219138cb8bb530e8f3.json,unknown
b5369a0de9b27323aab6715bc547ae464aaaaf191bf12ea16c9758b73f180ede,sha1:a3bd129ca6c5eee4ee575847dea326ca147b9527,validation,e3df9868c3a3fc23dc3795e0e9050c4f0bc03145461d45219138cb8bb530e8f3_VirusTotal Observer,VirusTotal Observer,1640706382,3,3,0,insufficient_events,0,0,raw/vt/behaviours/e3df9868c3a3fc23dc3795e0e9050c4f0bc03145461d45219138cb8bb530e8f3.json,unknown
58015eed1402173fcb76cd484223e4957b5226bf27af8aecc94b3d31c3b26ce7,sha1:a3bd129ca6c5eee4ee575847dea326ca147b9527,validation,e3df9868c3a3fc23dc3795e0e9050c4f0bc03145461d45219138cb8bb530e8f3_Zenbox,Zenbox,1640812168,330,7,1,valid,0,0,raw/vt/behaviours/e3df9868c3a3fc23dc3795e0e9050c4f0bc03145461d45219138cb8bb530e8f3.json,unknown
43523f229203abf5b93ff02d1577459b80f934a6bb70de6c2c6c82c7725f2e57,sha1:e19af3020bcdc677106a5952ee2d9ced739b70a1,train,51939ec8bc405cddcbf4f8762c4da5d54d4be7a20bf60cd5ef8971dd80e70c67_Rising MOVES,Rising MOVES,1545932795,26,4,0,valid,0,0,raw/vt/behaviours/51939ec8bc405cddcbf4f8762c4da5d54d4be7a20bf60cd5ef8971dd80e70c67.json,unknown
63cafaa7cb95404c041f5cebbd14c9dc3c92d867f69c17b67b2a04e282f8b6a9,sha1:e19af3020bcdc677106a5952ee2d9ced739b70a1,train,51939ec8bc405cddcbf4f8762c4da5d54d4be7a20bf60cd5ef8971dd80e70c67_Tencent HABO,Tencent HABO,1634208912,107,5,0,valid,0,0,raw/vt/behaviours/51939ec8bc405cddcbf4f8762c4da5d54d4be7a20bf60cd5ef8971dd80e70c67.json,unknown
4f5a1391de493537490fd96c80ae7c000801baa1e1ca34dd0e085ca897749b56,sha1:e19af3020bcdc677106a5952ee2d9ced739b70a1,train,51939ec8bc405cddcbf4f8762c4da5d54d4be7a20bf60cd5ef8971dd80e70c67_VirusTotal Cuckoofork,VirusTotal Cuckoofork,1480795262,41,6,1,valid,0,0,raw/vt/behaviours/51939ec8bc405cddcbf4f8762c4da5d54d4be7a20bf60cd5ef8971dd80e70c67.json,unknown
d1d8cfe8a68b4128da985c744502167688da2879e4131be62991769ef40cb3aa,sha1:acfaa06850d7d28da9ad61646b83a6a1910bf2b9,train,3475adb52646b8eab38eaa6c3eab29193a944aa7a0ea737cbe618c7ca32e0257_C2AE,C2AE,1648579328,5,2,0,valid,0,0,raw/vt/behaviours/3475adb52646b8eab38eaa6c3eab29193a944aa7a0ea737cbe618c7ca32e0257.json,unknown
67d16b98fb793b0d0d77b6a5b093cf49c41ff5df3ac3e57e868520de4f9edd8d,sha1:acfaa06850d7d28da9ad61646b83a6a1910bf2b9,train,3475adb52646b8eab38eaa6c3eab29193a944aa7a0ea737cbe618c7ca32e0257_CAPA,CAPA,1680340449,0,0,0,insufficient_events,0,0,raw/vt/behaviours/3475adb52646b8eab38eaa6c3eab29193a944aa7a0ea737cbe618c7ca32e0257.json,unknown
80387920af26149c07f8d218ab04653f6eed1c0ad061c283bd28b32244aef6ad,sha1:acfaa06850d7d28da9ad61646b83a6a1910bf2b9,train,3475adb52646b8eab38eaa6c3eab29193a944aa7a0ea737cbe618c7ca32e0257_Microsoft Sysinternals,Microsoft Sysinternals,1648575168,4,3,0,insufficient_events,0,0,raw/vt/behaviours/3475adb52646b8eab38eaa6c3eab29193a944aa7a0ea737cbe618c7ca32e0257.json,unknown
936d8f2bb711d9f45a2e505f4c0e01d3294a2691a221be2d76e267bb5fce14fe,sha1:acfaa06850d7d28da9ad61646b83a6a1910bf2b9,train,3475adb52646b8eab38eaa6c3eab29193a944aa7a0ea737cbe618c7ca32e0257_Zenbox,Zenbox,1648575741,85,3,1,valid,0,0,raw/vt/behaviours/3475adb52646b8eab38eaa6c3eab29193a944aa7a0ea737cbe618c7ca32e0257.json,unknown
a37091ae7e29d6af6d5cca67ad79771dbfbdefbf468517cd028ec5de87ec60fc,sha1:4cb92a952f30d93dd2dfc95275121145a87a013f,validation,e12bb875c395c4575c2482f653fd3005cc564a244e027f47218c99569c22ccf2_C2AE,C2AE,1697021965,3,2,0,insufficient_events,0,0,raw/vt/behaviours/e12bb875c395c4575c2482f653fd3005cc564a244e027f47218c99569c22ccf2.json,unknown
db2e3db614eff14b0b0660bc13584c0731746a73f2c564720e9eda6d48263261,sha1:4cb92a952f30d93dd2dfc95275121145a87a013f,validation,e12bb875c395c4575c2482f653fd3005cc564a244e027f47218c99569c22ccf2_CAPA,CAPA,1697017517,0,0,0,insufficient_events,0,0,raw/vt/behaviours/e12bb875c395c4575c2482f653fd3005cc564a244e027f47218c99569c22ccf2.json,unknown
85e098784a78c4c22c96f49962f8c2cf3b940fb91a93d7d45211ee7019c10c5c,sha1:4cb92a952f30d93dd2dfc95275121145a87a013f,validation,e12bb875c395c4575c2482f653fd3005cc564a244e027f47218c99569c22ccf2_Microsoft Sysinternals,Microsoft Sysinternals,1697017589,16,5,0,valid,0,0,raw/vt/behaviours/e12bb875c395c4575c2482f653fd3005cc564a244e027f47218c99569c22ccf2.json,unknown
bcdf5f2ede8b6494303842823e1f72b2a3cf72862ec793c9539691d77f590e23,sha1:4cb92a952f30d93dd2dfc95275121145a87a013f,validation,e12bb875c395c4575c2482f653fd3005cc564a244e027f47218c99569c22ccf2_VirusTotal Jujubox,VirusTotal Jujubox,1697017688,242,4,0,valid,0,0,raw/vt/behaviours/e12bb875c395c4575c2482f653fd3005cc564a244e027f47218c99569c22ccf2.json,unknown
b8933dc93868d257212d832fedecf03b34c61f579dcca830bf497da57c5e5e98,sha1:4cb92a952f30d93dd2dfc95275121145a87a013f,validation,e12bb875c395c4575c2482f653fd3005cc564a244e027f47218c99569c22ccf2_Yomi Hunter,Yomi Hunter,1697063252,46,5,0,valid,0,0,raw/vt/behaviours/e12bb875c395c4575c2482f653fd3005cc564a244e027f47218c99569c22ccf2.json,unknown
dadd47ba7339d9c1ac1336a8f991766ea493792cfe4f04d7ea599e259b780932,sha1:4cb92a952f30d93dd2dfc95275121145a87a013f,validation,e12bb875c395c4575c2482f653fd3005cc564a244e027f47218c99569c22ccf2_Zenbox,Zenbox,1697017884,404,5,1,valid,0,0,raw/vt/behaviours/e12bb875c395c4575c2482f653fd3005cc564a244e027f47218c99569c22ccf2.json,unknown
00bda3d230619f6ddf4b18b44b40cbb081a92df72b4385daaca59d0d421f5bd9,sha1:00fa8972a4a4169df3b5aa27a05f6151a5278d7f,test,8a6363e1377bd084add68445f796c83609ba27bd1b0a06cb339ac92f0b91ee0c_C2AE,C2AE,1629075820,63,3,0,valid,0,0,raw/vt/behaviours/8a6363e1377bd084add68445f796c83609ba27bd1b0a06cb339ac92f0b91ee0c.json,unknown
fae8f08aeb08a9e8771b86736ec22f319f4e1edef71ba662631bcc708618ccf8,sha1:00fa8972a4a4169df3b5aa27a05f6151a5278d7f,test,8a6363e1377bd084add68445f796c83609ba27bd1b0a06cb339ac92f0b91ee0c_CAPA,CAPA,1790355286,0,0,0,insufficient_events,0,0,raw/vt/behaviours/8a6363e1377bd084add68445f796c83609ba27bd1b0a06cb339ac92f0b91ee0c.json,unknown
7252d153c54faedb35ab3971d42e7a03cd582209c7ddea64a1e0908f0d91e39a,sha1:00fa8972a4a4169df3b5aa27a05f6151a5278d7f,test,8a6363e1377bd084add68445f796c83609ba27bd1b0a06cb339ac92f0b91ee0c_CAPE Sandbox,CAPE Sandbox,1715944565,5,3,0,valid,0,0,raw/vt/behaviours/8a6363e1377bd084add68445f796c83609ba27bd1b0a06cb339ac92f0b91ee0c.json,unknown
24ea0d173d405ea594c2a48209f80d6df46e042d5a3f933567ab823ee878d7e3,sha1:00fa8972a4a4169df3b5aa27a05f6151a5278d7f,test,8a6363e1377bd084add68445f796c83609ba27bd1b0a06cb339ac92f0b91ee0c_Microsoft Sysinternals,Microsoft Sysinternals,1636850302,203,10,1,valid,0,0,raw/vt/behaviours/8a6363e1377bd084add68445f796c83609ba27bd1b0a06cb339ac92f0b91ee0c.json,unknown
63d8286be2b5b83c370ed2e013232d3c160bb6647620912e9a703dbf264fb786,sha1:00fa8972a4a4169df3b5aa27a05f6151a5278d7f,test,8a6363e1377bd084add68445f796c83609ba27bd1b0a06cb339ac92f0b91ee0c_Sangfor ZSand,Sangfor ZSand,1630944594,11,3,0,valid,0,0,raw/vt/behaviours/8a6363e1377bd084add68445f796c83609ba27bd1b0a06cb339ac92f0b91ee0c.json,unknown
116f3a6408b0b8b1ee7dfa0660b999eeac7468fb0c3850a8be26aae5c25d7949,sha1:00fa8972a4a4169df3b5aa27a05f6151a5278d7f,test,8a6363e1377bd084add68445f796c83609ba27bd1b0a06cb339ac92f0b91ee0c_Tencent HABO,Tencent HABO,1697850290,36,4,0,valid,0,0,raw/vt/behaviours/8a6363e1377bd084add68445f796c83609ba27bd1b0a06cb339ac92f0b91ee0c.json,unknown
d3b7b43018bb8d008809e00dcbd521123bb534cff789f966f351971e100a1cde,sha1:00fa8972a4a4169df3b5aa27a05f6151a5278d7f,test,8a6363e1377bd084add68445f796c83609ba27bd1b0a06cb339ac92f0b91ee0c_VenusEye Sandbox,VenusEye Sandbox,1787598745,6,1,0,valid,0,0,raw/vt/behaviours/8a6363e1377bd084add68445f796c83609ba27bd1b0a06cb339ac92f0b91ee0c.json,unknown
a5313414b9be4278c332cf2e3133c41f297e11478a798e40055c900dd0b082a5,sha1:00fa8972a4a4169df3b5aa27a05f6151a5278d7f,test,8a6363e1377bd084add68445f796c83609ba27bd1b0a06cb339ac92f0b91ee0c_VirusTotal Cuckoofork,VirusTotal Cuckoofork,1495351823,2,2,0,insufficient_events,0,0,raw/vt/behaviours/8a6363e1377bd084add68445f796c83609ba27bd1b0a06cb339ac92f0b91ee0c.json,unknown
39c7b74d87ec11bada67f6aba503bab110ee62001ef7bec214bd35a59d57e2e6,sha1:00fa8972a4a4169df3b5aa27a05f6151a5278d7f,test,8a6363e1377bd084add68445f796c83609ba27bd1b0a06cb339ac92f0b91ee0c_VirusTotal Jujubox,VirusTotal Jujubox,1596639035,0,0,0,insufficient_events,0,0,raw/vt/behaviours/8a6363e1377bd084add68445f796c83609ba27bd1b0a06cb339ac92f0b91ee0c.json,unknown
16ca872a48bee9913a8d8d6d557c1342b2818af4c3c8011f3064bb0e65998c32,sha1:00fa8972a4a4169df3b5aa27a05f6151a5278d7f,test,8a6363e1377bd084add68445f796c83609ba27bd1b0a06cb339ac92f0b91ee0c_Zenbox,Zenbox,1621587714,110,5,0,valid,0,0,raw/vt/behaviours/8a6363e1377bd084add68445f796c83609ba27bd1b0a06cb339ac92f0b91ee0c.json,unknown
3d77faf57faa15f1c8ce2bb36d956b92ce24f59a6f6b385491a17ab64aaf017d,sha1:c0d4ca0b5ae49ea0232d98fd04724b44cf0d4d92,train,447ada938cc3b62fb4634adce6ee6aa216f86921f7d9686adc599003f0a27852_C2AE,C2AE,1696909232,46,4,0,valid,0,0,raw/vt/behaviours/447ada938cc3b62fb4634adce6ee6aa216f86921f7d9686adc599003f0a27852.json,unknown
3ef292088ad8d5a87d95baf49042d099960dd57365379ce3373be1b4745ea713,sha1:c0d4ca0b5ae49ea0232d98fd04724b44cf0d4d92,train,447ada938cc3b62fb4634adce6ee6aa216f86921f7d9686adc599003f0a27852_CAPA,CAPA,1707653093,0,0,0,insufficient_events,0,0,raw/vt/behaviours/447ada938cc3b62fb4634adce6ee6aa216f86921f7d9686adc599003f0a27852.json,unknown
52745032c10d6885ccb97dde24e10063e43ba4b110525ab2e0fafb4ba4d56308,sha1:c0d4ca0b5ae49ea0232d98fd04724b44cf0d4d92,train,447ada938cc3b62fb4634adce6ee6aa216f86921f7d9686adc599003f0a27852_Microsoft Sysinternals,Microsoft Sysinternals,1696905731,30,8,0,valid,0,0,raw/vt/behaviours/447ada938cc3b62fb4634adce6ee6aa216f86921f7d9686adc599003f0a27852.json,unknown
cc091b1762a764da2fdfa43fa1c6c19ff2114e6608d1b450687f348e0b3d2afb,sha1:c0d4ca0b5ae49ea0232d98fd04724b44cf0d4d92,train,447ada938cc3b62fb4634adce6ee6aa216f86921f7d9686adc599003f0a27852_VMRay,VMRay,1697127757,100,7,0,valid,0,0,raw/vt/behaviours/447ada938cc3b62fb4634adce6ee6aa216f86921f7d9686adc599003f0a27852.json,unknown
97600655468fef4c09e946d2096e2644d779431299476407a25c346523d0f3f3,sha1:c0d4ca0b5ae49ea0232d98fd04724b44cf0d4d92,train,447ada938cc3b62fb4634adce6ee6aa216f86921f7d9686adc599003f0a27852_Yomi Hunter,Yomi Hunter,1697156159,279,7,0,valid,0,0,raw/vt/behaviours/447ada938cc3b62fb4634adce6ee6aa216f86921f7d9686adc599003f0a27852.json,unknown
42f3c37c10ea2707f3960cc837c3f63683161671c4a8a6a2615db2edb2ab6e73,sha1:c0d4ca0b5ae49ea0232d98fd04724b44cf0d4d92,train,447ada938cc3b62fb4634adce6ee6aa216f86921f7d9686adc599003f0a27852_Zenbox,Zenbox,1696917017,478,9,1,valid,0,0,raw/vt/behaviours/447ada938cc3b62fb4634adce6ee6aa216f86921f7d9686adc599003f0a27852.json,unknown
d606158e3b728865807425844e63bcb700623a2da03001018f3ae3402074a750,sha1:401cf8f2eb241fabcdea6ea88047333425ac6047,train,1959cf04d47f1ea97d4498eb8e5a67dbc4c61434920771e44005fedb572ad7be_C2AE,C2AE,1642467537,26,5,0,valid,0,0,raw/vt/behaviours/1959cf04d47f1ea97d4498eb8e5a67dbc4c61434920771e44005fedb572ad7be.json,unknown
6eceeb4461a4d2f68dcbb4f49b645391114cbbaf6300099f8d840b82955b8805,sha1:401cf8f2eb241fabcdea6ea88047333425ac6047,train,1959cf04d47f1ea97d4498eb8e5a67dbc4c61434920771e44005fedb572ad7be_Lastline,Lastline,1642464605,101,7,0,valid,0,0,raw/vt/behaviours/1959cf04d47f1ea97d4498eb8e5a67dbc4c61434920771e44005fedb572ad7be.json,unknown
23bf8f035c6ada38a9963a160275535c4a15dc8a29a0d545af10a571fee7918a,sha1:401cf8f2eb241fabcdea6ea88047333425ac6047,train,1959cf04d47f1ea97d4498eb8e5a67dbc4c61434920771e44005fedb572ad7be_QiAnXin RedDrip,QiAnXin RedDrip,1643223102,404,9,0,valid,0,0,raw/vt/behaviours/1959cf04d47f1ea97d4498eb8e5a67dbc4c61434920771e44005fedb572ad7be.json,unknown
0eaaf638c4431321bf886cfc2619cb5a94e2c832111e3371d03b4abf4dfae754,sha1:401cf8f2eb241fabcdea6ea88047333425ac6047,train,1959cf04d47f1ea97d4498eb8e5a67dbc4c61434920771e44005fedb572ad7be_SecondWrite,SecondWrite,1642548178,304,11,1,valid,0,0,raw/vt/behaviours/1959cf04d47f1ea97d4498eb8e5a67dbc4c61434920771e44005fedb572ad7be.json,unknown
069d77c0c080609426388e3b69700c067f85dbed5f9d9970e14b52cc4e33e782,sha1:401cf8f2eb241fabcdea6ea88047333425ac6047,train,1959cf04d47f1ea97d4498eb8e5a67dbc4c61434920771e44005fedb572ad7be_Yomi Hunter,Yomi Hunter,1642467581,237,10,0,valid,0,0,raw/vt/behaviours/1959cf04d47f1ea97d4498eb8e5a67dbc4c61434920771e44005fedb572ad7be.json,unknown
145ef2c73ccd38aff3d9cdd4e2c359c3b86d3d0b70b2de510744e7b858f1c142,sha1:46a8839d1392c437fc5f35b7dae671d13eb3d347,train,16c8c0ceba2576b1dc55f910c62f5ee7c2c3c5264594ba127cc42881f8588ae7_Rising MOVES,Rising MOVES,1599297116,0,1,0,insufficient_events,0,0,raw/vt/behaviours/16c8c0ceba2576b1dc55f910c62f5ee7c2c3c5264594ba127cc42881f8588ae7.json,unknown
445e12857280db0e69eff64c99ff64502e41ace127cd9b85c02af6cca09748b2,sha1:46a8839d1392c437fc5f35b7dae671d13eb3d347,train,16c8c0ceba2576b1dc55f910c62f5ee7c2c3c5264594ba127cc42881f8588ae7_SecondWrite,SecondWrite,1598703955,14,5,0,valid,0,0,raw/vt/behaviours/16c8c0ceba2576b1dc55f910c62f5ee7c2c3c5264594ba127cc42881f8588ae7.json,unknown
f1396092e14a9989b73ba20ef53bb8e4655ed8f9a0f35818dc69fdad9930ea69,sha1:46a8839d1392c437fc5f35b7dae671d13eb3d347,train,16c8c0ceba2576b1dc55f910c62f5ee7c2c3c5264594ba127cc42881f8588ae7_Tencent HABO,Tencent HABO,1599026385,261,7,1,valid,0,0,raw/vt/behaviours/16c8c0ceba2576b1dc55f910c62f5ee7c2c3c5264594ba127cc42881f8588ae7.json,unknown
b75a1db64ed38dd2b7d124ad2e117d48e0a70b90ae0a2d80dd55e6f1a0a77ac7,sha1:46a8839d1392c437fc5f35b7dae671d13eb3d347,train,16c8c0ceba2576b1dc55f910c62f5ee7c2c3c5264594ba127cc42881f8588ae7_VenusEye Sandbox,VenusEye Sandbox,1599720646,28,4,0,valid,0,0,raw/vt/behaviours/16c8c0ceba2576b1dc55f910c62f5ee7c2c3c5264594ba127cc42881f8588ae7.json,unknown
8b2fc093b9511c52fd13156bae9b72c2b2d1d38cdcbb1e8fda91dcba16359eac,sha1:46a8839d1392c437fc5f35b7dae671d13eb3d347,train,16c8c0ceba2576b1dc55f910c62f5ee7c2c3c5264594ba127cc42881f8588ae7_VirusTotal Jujubox,VirusTotal Jujubox,1598617158,101,5,0,valid,0,0,raw/vt/behaviours/16c8c0ceba2576b1dc55f910c62f5ee7c2c3c5264594ba127cc42881f8588ae7.json,unknown
b3637f284ba427bd7b1d29955f9f3b34a19e43d7433e61d72f03433b7a55fd59,sha1:9ada647b2771b926bd68ea50c818fd0750f52920,train,92425e72285cf566c69d524def0f68ca487ecbea47ffb914175406f39e6877b0_C2AE,C2AE,1646416484,9,3,0,valid,0,0,raw/vt/behaviours/92425e72285cf566c69d524def0f68ca487ecbea47ffb914175406f39e6877b0.json,unknown
13f4442094494fa4977989782694512f80e63b9754eebee913169ec5a8ca838d,sha1:9ada647b2771b926bd68ea50c818fd0750f52920,train,92425e72285cf566c69d524def0f68ca487ecbea47ffb914175406f39e6877b0_CAPA,CAPA,1726692791,0,0,0,insufficient_events,0,0,raw/vt/behaviours/92425e72285cf566c69d524def0f68ca487ecbea47ffb914175406f39e6877b0.json,unknown
6d99f4517e690465a7cc7184445fcc4fb75d870661d99947a9d4df8d8330e703,sha1:9ada647b2771b926bd68ea50c818fd0750f52920,train,92425e72285cf566c69d524def0f68ca487ecbea47ffb914175406f39e6877b0_CAPE Sandbox,CAPE Sandbox,1726692976,30,3,0,valid,0,0,raw/vt/behaviours/92425e72285cf566c69d524def0f68ca487ecbea47ffb914175406f39e6877b0.json,unknown
f4fc27a3c309c3adc1a5d92af9ba41ddcebe7767fbbc25fe6c4f87b5f4f3aaa6,sha1:9ada647b2771b926bd68ea50c818fd0750f52920,train,92425e72285cf566c69d524def0f68ca487ecbea47ffb914175406f39e6877b0_Microsoft Sysinternals,Microsoft Sysinternals,1726692856,10,6,0,valid,0,0,raw/vt/behaviours/92425e72285cf566c69d524def0f68ca487ecbea47ffb914175406f39e6877b0.json,unknown
2bd387cffe8fe5d4cf852262555732e21196b245901dd3ee1590226b942f42b6,sha1:9ada647b2771b926bd68ea50c818fd0750f52920,train,92425e72285cf566c69d524def0f68ca487ecbea47ffb914175406f39e6877b0_Sangfor ZSand,Sangfor ZSand,1727272748,114,4,0,valid,0,0,raw/vt/behaviours/92425e72285cf566c69d524def0f68ca487ecbea47ffb914175406f39e6877b0.json,unknown
9597e80c6bb4ce865c72d64114dc554fc4adb677016f54b0427ae30fc1e1e7ce,sha1:9ada647b2771b926bd68ea50c818fd0750f52920,train,92425e72285cf566c69d524def0f68ca487ecbea47ffb914175406f39e6877b0_Tencent HABO,Tencent HABO,1573370283,160,4,0,valid,0,0,raw/vt/behaviours/92425e72285cf566c69d524def0f68ca487ecbea47ffb914175406f39e6877b0.json,unknown
cebacf3cc16240cc24a43b21ddb1c4bd8310df539fcfaa7a73ec6a6cd03998c5,sha1:9ada647b2771b926bd68ea50c818fd0750f52920,train,92425e72285cf566c69d524def0f68ca487ecbea47ffb914175406f39e6877b0_VirusTotal Jujubox,VirusTotal Jujubox,1591107131,146,4,0,valid,0,0,raw/vt/behaviours/92425e72285cf566c69d524def0f68ca487ecbea47ffb914175406f39e6877b0.json,unknown
0f0f806647ef1ddfa417f9096878211f229841137a88169bf26260c7de908630,sha1:9ada647b2771b926bd68ea50c818fd0750f52920,train,92425e72285cf566c69d524def0f68ca487ecbea47ffb914175406f39e6877b0_Zenbox,Zenbox,1726693111,337,8,1,valid,0,0,raw/vt/behaviours/92425e72285cf566c69d524def0f68ca487ecbea47ffb914175406f39e6877b0.json,unknown
608ff310b73835bd1f704e948cb179adc0f88ab09de701b2153a5a6ac4f26305,sha1:9993b385d5ab214403957cea0f314927bc3719e2,test,e51e4c372edf2bbe476a4b7630225c1875c5ccea2ed55b418bd793c54ce9a84d_C2AE,C2AE,1617202003,57,4,0,valid,0,0,raw/vt/behaviours/e51e4c372edf2bbe476a4b7630225c1875c5ccea2ed55b418bd793c54ce9a84d.json,unknown
9183b7b00a80fac1e9b536048ac8028424d08d18cd75a2546fc7480cf19eb4ef,sha1:9993b385d5ab214403957cea0f314927bc3719e2,test,e51e4c372edf2bbe476a4b7630225c1875c5ccea2ed55b418bd793c54ce9a84d_CAPA,CAPA,1677584370,0,0,0,insufficient_events,0,0,raw/vt/behaviours/e51e4c372edf2bbe476a4b7630225c1875c5ccea2ed55b418bd793c54ce9a84d.json,unknown
04461d6f44595acdf0fb1552c51be6c48a8e7bc6223a4354e3d567f7a708d527,sha1:9993b385d5ab214403957cea0f314927bc3719e2,test,e51e4c372edf2bbe476a4b7630225c1875c5ccea2ed55b418bd793c54ce9a84d_DAS-Security Orcas,DAS-Security Orcas,1661428935,66,6,0,valid,0,0,raw/vt/behaviours/e51e4c372edf2bbe476a4b7630225c1875c5ccea2ed55b418bd793c54ce9a84d.json,unknown
a9f280468bac09f41ac7fbf2363fa4e1cd240fef0533a306c804df984923bc08,sha1:9993b385d5ab214403957cea0f314927bc3719e2,test,e51e4c372edf2bbe476a4b7630225c1875c5ccea2ed55b418bd793c54ce9a84d_Dr.Web vxCube,Dr.Web vxCube,1617203489,952,14,0,valid,0,0,raw/vt/behaviours/e51e4c372edf2bbe476a4b7630225c1875c5ccea2ed55b418bd793c54ce9a84d.json,unknown
32952ea192d9eab426543b0ea37b5df232bf7f9da491afcc46516ab332dfec8b,sha1:9993b385d5ab214403957cea0f314927bc3719e2,test,e51e4c372edf2bbe476a4b7630225c1875c5ccea2ed55b418bd793c54ce9a84d_Lastline,Lastline,1619926358,423,11,0,valid,0,0,raw/vt/behaviours/e51e4c372edf2bbe476a4b7630225c1875c5ccea2ed55b418bd793c54ce9a84d.json,unknown
e0d9a998082bdb117eab27a944c18e757da701b9abceeb30dcde2896f06e92cf,sha1:9993b385d5ab214403957cea0f314927bc3719e2,test,e51e4c372edf2bbe476a4b7630225c1875c5ccea2ed55b418bd793c54ce9a84d_Rising MOVES,Rising MOVES,1679669548,1,2,0,insufficient_events,0,0,raw/vt/behaviours/e51e4c372edf2bbe476a4b7630225c1875c5ccea2ed55b418bd793c54ce9a84d.json,unknown
c408df452e89b59a97c49746c5454608f710a9ed0081e84239615c2417283348,sha1:9993b385d5ab214403957cea0f314927bc3719e2,test,e51e4c372edf2bbe476a4b7630225c1875c5ccea2ed55b418bd793c54ce9a84d_Sangfor ZSand,Sangfor ZSand,1678166181,74,6,0,valid,0,0,raw/vt/behaviours/e51e4c372edf2bbe476a4b7630225c1875c5ccea2ed55b418bd793c54ce9a84d.json,unknown
2e7b032d1d9ecef8f76cc5bdb0368ed4c74059c21066402da5443a44042ea424,sha1:9993b385d5ab214403957cea0f314927bc3719e2,test,e51e4c372edf2bbe476a4b7630225c1875c5ccea2ed55b418bd793c54ce9a84d_Tencent HABO,Tencent HABO,1620898737,949,17,1,valid,0,0,raw/vt/behaviours/e51e4c372edf2bbe476a4b7630225c1875c5ccea2ed55b418bd793c54ce9a84d.json,unknown
cb7225f082b3a8b92923cec79a4cfd8247a9643a729b3d2b23329e7d2369b2c8,sha1:9993b385d5ab214403957cea0f314927bc3719e2,test,e51e4c372edf2bbe476a4b7630225c1875c5ccea2ed55b418bd793c54ce9a84d_VirusTotal Cuckoofork,VirusTotal Cuckoofork,1617639784,20,5,0,valid,0,0,raw/vt/behaviours/e51e4c372edf2bbe476a4b7630225c1875c5ccea2ed55b418bd793c54ce9a84d.json,unknown
55eebadd4e1953764867f25150156bb8ad1aa53a30cfb25e417b85c7e38d72d9,sha1:9993b385d5ab214403957cea0f314927bc3719e2,test,e51e4c372edf2bbe476a4b7630225c1875c5ccea2ed55b418bd793c54ce9a84d_VirusTotal Jujubox,VirusTotal Jujubox,1617198186,11,2,0,valid,0,0,raw/vt/behaviours/e51e4c372edf2bbe476a4b7630225c1875c5ccea2ed55b418bd793c54ce9a84d.json,unknown
44f9c5c2bda8c920404353280d4cf0a415eb1a5ad6fcd67a9b711e48cb257754,sha1:37b5e4a9e37213f3e5b3e062bc449eef95d0453e,train,2f8037bfdb2adac6460dfe4890a151da5a3cc9c1dc24e6ca0c6ab2319af94712_C2AE,C2AE,1643124662,93,5,0,valid,0,0,raw/vt/behaviours/2f8037bfdb2adac6460dfe4890a151da5a3cc9c1dc24e6ca0c6ab2319af94712.json,unknown
3d24be6314a935f258e449b32c4eb4fd08fb7c4be5b30d563c87c1b4cef9c88b,sha1:37b5e4a9e37213f3e5b3e062bc449eef95d0453e,train,2f8037bfdb2adac6460dfe4890a151da5a3cc9c1dc24e6ca0c6ab2319af94712_DAS-Security Orcas,DAS-Security Orcas,1661440419,168,10,0,valid,0,0,raw/vt/behaviours/2f8037bfdb2adac6460dfe4890a151da5a3cc9c1dc24e6ca0c6ab2319af94712.json,unknown
b40b60d2304100a01b3bea71df7d9b7f0f5cd2724550bb583023ea038e804a04,sha1:37b5e4a9e37213f3e5b3e062bc449eef95d0453e,train,2f8037bfdb2adac6460dfe4890a151da5a3cc9c1dc24e6ca0c6ab2319af94712_Lastline,Lastline,1644601120,140,6,0,valid,0,0,raw/vt/behaviours/2f8037bfdb2adac6460dfe4890a151da5a3cc9c1dc24e6ca0c6ab2319af94712.json,unknown
b0568eef3ee50747c03c0d12fc2570eee789c1ca860bbc93050a52f990d2e02b,sha1:37b5e4a9e37213f3e5b3e062bc449eef95d0453e,train,2f8037bfdb2adac6460dfe4890a151da5a3cc9c1dc24e6ca0c6ab2319af94712_Microsoft Sysinternals,Microsoft Sysinternals,1643120069,80,7,0,valid,0,0,raw/vt/behaviours/2f8037bfdb2adac6460dfe4890a151da5a3cc9c1dc24e6ca0c6ab2319af94712.json,unknown
6e3db33c0855fb63b902069029bbe336a7e0877b00a4ee3839af963e79d8d617,sha1:37b5e4a9e37213f3e5b3e062bc449eef95d0453e,train,2f8037bfdb2adac6460dfe4890a151da5a3cc9c1dc24e6ca0c6ab2319af94712_QiAnXin RedDrip,QiAnXin RedDrip,1643802807,553,6,0,valid,0,0,raw/vt/behaviours/2f8037bfdb2adac6460dfe4890a151da5a3cc9c1dc24e6ca0c6ab2319af94712.json,unknown
f03134edda325aec1a1f51d8b657cfaedf6d77c624397ce6d10bc90699564058,sha1:37b5e4a9e37213f3e5b3e062bc449eef95d0453e,train,2f8037bfdb2adac6460dfe4890a151da5a3cc9c1dc24e6ca0c6ab2319af94712_ReaQta-Hive,ReaQta-Hive,1644602066,72,6,0,valid,0,0,raw/vt/behaviours/2f8037bfdb2adac6460dfe4890a151da5a3cc9c1dc24e6ca0c6ab2319af94712.json,unknown
ff75e2b5c3b400b7631c043af5de262b52ba349e991ea01e43cd2af2c6e44218,sha1:37b5e4a9e37213f3e5b3e062bc449eef95d0453e,train,2f8037bfdb2adac6460dfe4890a151da5a3cc9c1dc24e6ca0c6ab2319af94712_VirusTotal Jujubox,VirusTotal Jujubox,1643440013,477,10,1,valid,0,0,raw/vt/behaviours/2f8037bfdb2adac6460dfe4890a151da5a3cc9c1dc24e6ca0c6ab2319af94712.json,unknown
2dbbb18705cdcb56166e44bbddbc0480d4db16be20e9dced35c0ebb8e667e300,sha1:37b5e4a9e37213f3e5b3e062bc449eef95d0453e,train,2f8037bfdb2adac6460dfe4890a151da5a3cc9c1dc24e6ca0c6ab2319af94712_VirusTotal Observer,VirusTotal Observer,1643440012,17,3,0,valid,0,0,raw/vt/behaviours/2f8037bfdb2adac6460dfe4890a151da5a3cc9c1dc24e6ca0c6ab2319af94712.json,unknown
7bc7af3ab2b9b3d2608b50badc25535dede0359a81f26a2380b4ed954a5af97c,sha1:37b5e4a9e37213f3e5b3e062bc449eef95d0453e,train,2f8037bfdb2adac6460dfe4890a151da5a3cc9c1dc24e6ca0c6ab2319af94712_Zenbox,Zenbox,1643286954,467,6,0,valid,0,0,raw/vt/behaviours/2f8037bfdb2adac6460dfe4890a151da5a3cc9c1dc24e6ca0c6ab2319af94712.json,unknown
239e980ba8cb6843c66068b0936afe6b69749db94670a264a49bb743fb9b8f3b,sha1:e8e46000c4d7c11ebec02bf7f256f38c9e7b5c8f,test,1d8d7f589d48c077b141f84ecc81c1a357eab1f2effe36a180ad1d7edb677867_C2AE,C2AE,1627923179,73,5,0,valid,0,0,raw/vt/behaviours/1d8d7f589d48c077b141f84ecc81c1a357eab1f2effe36a180ad1d7edb677867.json,unknown
5377c42f5771c04c0565e98379fae8d115c70c5fa68f5033b38252c40204a335,sha1:e8e46000c4d7c11ebec02bf7f256f38c9e7b5c8f,test,1d8d7f589d48c077b141f84ecc81c1a357eab1f2effe36a180ad1d7edb677867_CAPA,CAPA,1698671600,0,0,0,insufficient_events,0,0,raw/vt/behaviours/1d8d7f589d48c077b141f84ecc81c1a357eab1f2effe36a180ad1d7edb677867.json,unknown
d2f7fd779eacfeb6d209431e0c989eb1c9cae98d55afe906bcda97e0438ea411,sha1:e8e46000c4d7c11ebec02bf7f256f38c9e7b5c8f,test,1d8d7f589d48c077b141f84ecc81c1a357eab1f2effe36a180ad1d7edb677867_Dr.Web vxCube,Dr.Web vxCube,1627930478,125,7,0,valid,0,0,raw/vt/behaviours/1d8d7f589d48c077b141f84ecc81c1a357eab1f2effe36a180ad1d7edb677867.json,unknown
5b58fcf6f5be4fb65d140e083a2d4b5f6cfd7316d1c43d13ba8488da7e0e828c,sha1:e8e46000c4d7c11ebec02bf7f256f38c9e7b5c8f,test,1d8d7f589d48c077b141f84ecc81c1a357eab1f2effe36a180ad1d7edb677867_Lastline,Lastline,1627918333,468,10,0,valid,0,0,raw/vt/behaviours/1d8d7f589d48c077b141f84ecc81c1a357eab1f2effe36a180ad1d7edb677867.json,unknown
f29ecc27f038874e335e6526c8d9763f9f58427d84c3995ba33e9e4d533e589e,sha1:e8e46000c4d7c11ebec02bf7f256f38c9e7b5c8f,test,1d8d7f589d48c077b141f84ecc81c1a357eab1f2effe36a180ad1d7edb677867_ReaQta-Hive,ReaQta-Hive,1627919608,181,9,0,valid,0,0,raw/vt/behaviours/1d8d7f589d48c077b141f84ecc81c1a357eab1f2effe36a180ad1d7edb677867.json,unknown
f1457761931ce31c2998fb707d8a3558d1ca837e1bffa59456983fb972739b44,sha1:e8e46000c4d7c11ebec02bf7f256f38c9e7b5c8f,test,1d8d7f589d48c077b141f84ecc81c1a357eab1f2effe36a180ad1d7edb677867_Tencent HABO,Tencent HABO,1628054226,167,5,0,valid,0,0,raw/vt/behaviours/1d8d7f589d48c077b141f84ecc81c1a357eab1f2effe36a180ad1d7edb677867.json,unknown
f8a6625010ed2b96f1f693e6fa3bf6e21bf841f4a5e3dc44df79d8e0aa58c487,sha1:e8e46000c4d7c11ebec02bf7f256f38c9e7b5c8f,test,1d8d7f589d48c077b141f84ecc81c1a357eab1f2effe36a180ad1d7edb677867_VenusEye Sandbox,VenusEye Sandbox,1698685757,42,4,0,valid,0,0,raw/vt/behaviours/1d8d7f589d48c077b141f84ecc81c1a357eab1f2effe36a180ad1d7edb677867.json,unknown
8f57392769711cb95c0c2cdd93146c7b1a8be6f52488d9c0d01b4a66ebe05dfd,sha1:e8e46000c4d7c11ebec02bf7f256f38c9e7b5c8f,test,1d8d7f589d48c077b141f84ecc81c1a357eab1f2effe36a180ad1d7edb677867_VirusTotal Cuckoofork,VirusTotal Cuckoofork,1627910910,9,3,0,valid,0,0,raw/vt/behaviours/1d8d7f589d48c077b141f84ecc81c1a357eab1f2effe36a180ad1d7edb677867.json,unknown
ad10060d928e8d2c3b99ab42d4520ed1a24f1354730dcee6f0173ffac74099a3,sha1:e8e46000c4d7c11ebec02bf7f256f38c9e7b5c8f,test,1d8d7f589d48c077b141f84ecc81c1a357eab1f2effe36a180ad1d7edb677867_VirusTotal Jujubox,VirusTotal Jujubox,1627918081,193,11,1,valid,0,0,raw/vt/behaviours/1d8d7f589d48c077b141f84ecc81c1a357eab1f2effe36a180ad1d7edb677867.json,unknown
770bd5f55c973199c6fc0f058561fe446fb57a884346897c0e354e0159fac5e1,sha1:e8e46000c4d7c11ebec02bf7f256f38c9e7b5c8f,test,1d8d7f589d48c077b141f84ecc81c1a357eab1f2effe36a180ad1d7edb677867_VirusTotal Observer,VirusTotal Observer,1627918080,14,4,0,valid,0,0,raw/vt/behaviours/1d8d7f589d48c077b141f84ecc81c1a357eab1f2effe36a180ad1d7edb677867.json,unknown
4cb4716682de964ff46fba247d6efe3f3579bda6c4bef42b63be5ae32c3870f8,sha1:9cf06e9ab3b1c0eca09d1621c509601a798cabe3,train,fae12bd8c460e77e84fb50466c11703b2af78c60767b16632682373fd1a425f6_Microsoft Sysinternals,Microsoft Sysinternals,1638197799,9,6,1,valid,0,0,raw/vt/behaviours/fae12bd8c460e77e84fb50466c11703b2af78c60767b16632682373fd1a425f6.json,unknown
0a2ab3c3e2434feb8542fc49228c4a21205414aab64087bcbaaa4255c560333d,sha1:9cf06e9ab3b1c0eca09d1621c509601a798cabe3,train,fae12bd8c460e77e84fb50466c11703b2af78c60767b16632682373fd1a425f6_Zenbox,Zenbox,1638197923,128,4,0,valid,0,0,raw/vt/behaviours/fae12bd8c460e77e84fb50466c11703b2af78c60767b16632682373fd1a425f6.json,unknown
80cb8ecc27a852f75ef2c133658a36a124a4437e87245cbee0f610a5883770b2,sha1:50f623da7f4bc5527cbe84c7cf5a98bf1a2bc1c5,train,eb37246f87d14722b0c70fa419022bec9b8682f6a3e95a1546fd1322b00e7829_Dr.Web vxCube,Dr.Web vxCube,1559375416,94,11,1,valid,0,0,raw/vt/behaviours/eb37246f87d14722b0c70fa419022bec9b8682f6a3e95a1546fd1322b00e7829.json,unknown
ee369beda1478dd34fed415d7cca810624e55107b949be8b5783b2f0d0457747,sha1:50f623da7f4bc5527cbe84c7cf5a98bf1a2bc1c5,train,eb37246f87d14722b0c70fa419022bec9b8682f6a3e95a1546fd1322b00e7829_Lastline,Lastline,1559429642,117,10,0,valid,0,0,raw/vt/behaviours/eb37246f87d14722b0c70fa419022bec9b8682f6a3e95a1546fd1322b00e7829.json,unknown
d7567c5c235a4757a044c995b75c9a1d8465c1bc789e24bb8c0555008f00909d,sha1:50f623da7f4bc5527cbe84c7cf5a98bf1a2bc1c5,train,eb37246f87d14722b0c70fa419022bec9b8682f6a3e95a1546fd1322b00e7829_Rising MOVES,Rising MOVES,1559457722,14,6,0,valid,0,0,raw/vt/behaviours/eb37246f87d14722b0c70fa419022bec9b8682f6a3e95a1546fd1322b00e7829.json,unknown
79dad569d592862c78a049cd3b6cdfaa31cf64c250f173d5fa56e074e7cf514d,sha1:50f623da7f4bc5527cbe84c7cf5a98bf1a2bc1c5,train,eb37246f87d14722b0c70fa419022bec9b8682f6a3e95a1546fd1322b00e7829_Sangfor ZSand,Sangfor ZSand,1720672647,337,8,0,valid,0,0,raw/vt/behaviours/eb37246f87d14722b0c70fa419022bec9b8682f6a3e95a1546fd1322b00e7829.json,unknown
3fcfed9c737c850ca88b9ede103cb357ef7cc6d40ea32bbb719e196e63ff499b,sha1:50f623da7f4bc5527cbe84c7cf5a98bf1a2bc1c5,train,eb37246f87d14722b0c70fa419022bec9b8682f6a3e95a1546fd1322b00e7829_Tencent HABO,Tencent HABO,1559443510,144,8,0,valid,0,0,raw/vt/behaviours/eb37246f87d14722b0c70fa419022bec9b8682f6a3e95a1546fd1322b00e7829.json,unknown
058eaf080f8c9855995b3ef2d2996554a19ef1e6d56c468e08538cc8ecae4b0f,sha1:50f623da7f4bc5527cbe84c7cf5a98bf1a2bc1c5,train,eb37246f87d14722b0c70fa419022bec9b8682f6a3e95a1546fd1322b00e7829_VirusTotal Cuckoofork,VirusTotal Cuckoofork,1559355605,13,5,0,valid,0,0,raw/vt/behaviours/eb37246f87d14722b0c70fa419022bec9b8682f6a3e95a1546fd1322b00e7829.json,unknown
458059b10ca29609fc3453d94572746f4bc2a0685e4811e25d170d4a695017c7,sha1:50f623da7f4bc5527cbe84c7cf5a98bf1a2bc1c5,train,eb37246f87d14722b0c70fa419022bec9b8682f6a3e95a1546fd1322b00e7829_VirusTotal Jujubox,VirusTotal Jujubox,1590615567,45,7,0,valid,0,0,raw/vt/behaviours/eb37246f87d14722b0c70fa419022bec9b8682f6a3e95a1546fd1322b00e7829.json,unknown
fa4bf0a1e9e0155766f9cd8437f699d96fccb4eb696a7b8302d3034b28cd5cb7,sha1:ef5c930520b57736609da4965a2ff52ee39f7ea4,validation,bc61dfca1db55838e276fc44e4b4effa5c358ec27a728411cc2cb2a74c079714_C2AE,C2AE,1610112344,80,4,0,valid,0,0,raw/vt/behaviours/bc61dfca1db55838e276fc44e4b4effa5c358ec27a728411cc2cb2a74c079714.json,unknown
24166503b9375a1dcfbe0e42e564ad20d1abd0be6389a6454710a1b39787a859,sha1:ef5c930520b57736609da4965a2ff52ee39f7ea4,validation,bc61dfca1db55838e276fc44e4b4effa5c358ec27a728411cc2cb2a74c079714_CAPE Sandbox,CAPE Sandbox,1687763009,128,4,0,valid,0,0,raw/vt/behaviours/bc61dfca1db55838e276fc44e4b4effa5c358ec27a728411cc2cb2a74c079714.json,unknown
b1e51ed5ee81138046a57509a6e2f0e4d75bce47525dbf007da831a329479376,sha1:ef5c930520b57736609da4965a2ff52ee39f7ea4,validation,bc61dfca1db55838e276fc44e4b4effa5c358ec27a728411cc2cb2a74c079714_Microsoft Sysinternals,Microsoft Sysinternals,1687762750,19,5,0,valid,0,0,raw/vt/behaviours/bc61dfca1db55838e276fc44e4b4effa5c358ec27a728411cc2cb2a74c079714.json,unknown
d44304a4a04a0232779313b3f8aebee1c2c2be5c936c531992f522b2864b3d71,sha1:ef5c930520b57736609da4965a2ff52ee39f7ea4,validation,bc61dfca1db55838e276fc44e4b4effa5c358ec27a728411cc2cb2a74c079714_Tencent HABO,Tencent HABO,1595381530,90,3,0,valid,0,0,raw/vt/behaviours/bc61dfca1db55838e276fc44e4b4effa5c358ec27a728411cc2cb2a74c079714.json,unknown
12392b894060186c164fd9e604194a3304f8cd2cf3e762c4dba8e19c67be1c34,sha1:ef5c930520b57736609da4965a2ff52ee39f7ea4,validation,bc61dfca1db55838e276fc44e4b4effa5c358ec27a728411cc2cb2a74c079714_VenusEye Sandbox,VenusEye Sandbox,1679092793,18,3,0,valid,0,0,raw/vt/behaviours/bc61dfca1db55838e276fc44e4b4effa5c358ec27a728411cc2cb2a74c079714.json,unknown
50a2a0fb9a6f148999e95d534871bb485ebc003cfe50d1764ed5c444e6c666d6,sha1:ef5c930520b57736609da4965a2ff52ee39f7ea4,validation,bc61dfca1db55838e276fc44e4b4effa5c358ec27a728411cc2cb2a74c079714_VirusTotal Jujubox,VirusTotal Jujubox,1595312663,117,4,0,valid,0,0,raw/vt/behaviours/bc61dfca1db55838e276fc44e4b4effa5c358ec27a728411cc2cb2a74c079714.json,unknown
c3181ab6827f9eb95dd6b5e680e5b0088d1254d4f36b2d03413f8c0b2151d0d5,sha1:ef5c930520b57736609da4965a2ff52ee39f7ea4,validation,bc61dfca1db55838e276fc44e4b4effa5c358ec27a728411cc2cb2a74c079714_Zenbox,Zenbox,1687762840,260,5,1,valid,0,0,raw/vt/behaviours/bc61dfca1db55838e276fc44e4b4effa5c358ec27a728411cc2cb2a74c079714.json,unknown
14e5f429d62bbfece912048a397c8d1d3696fba0cbb0afab91afe78b08c0918b,sha1:f46ef9ff8d741650bfcdab3034a870d8460b6472,train,091c54409d9a5f4495f04287a47da8478467f680fc924b1dd9baa2b799a1117d_C2AE,C2AE,1623536701,69,4,0,valid,0,0,raw/vt/behaviours/091c54409d9a5f4495f04287a47da8478467f680fc924b1dd9baa2b799a1117d.json,unknown
40edc377eda9bf3a2a3fb9aa66dcd1ec566d531a9a4958115ea6fad1049e25ea,sha1:f46ef9ff8d741650bfcdab3034a870d8460b6472,train,091c54409d9a5f4495f04287a47da8478467f680fc924b1dd9baa2b799a1117d_Tencent HABO,Tencent HABO,1623686434,223,4,0,valid,0,0,raw/vt/behaviours/091c54409d9a5f4495f04287a47da8478467f680fc924b1dd9baa2b799a1117d.json,unknown
0360061fee400673268c6cc46bd4f0a4c4c5c9294c883800c4b8ab3ae141e76e,sha1:f46ef9ff8d741650bfcdab3034a870d8460b6472,train,091c54409d9a5f4495f04287a47da8478467f680fc924b1dd9baa2b799a1117d_VirusTotal Jujubox,VirusTotal Jujubox,1623532997,423,7,1,valid,0,0,raw/vt/behaviours/091c54409d9a5f4495f04287a47da8478467f680fc924b1dd9baa2b799a1117d.json,unknown
16acb0d43a68b2b9a590a14df0938acfa1c0180ffe825515ad29597a57750f39,sha1:f46ef9ff8d741650bfcdab3034a870d8460b6472,train,091c54409d9a5f4495f04287a47da8478467f680fc924b1dd9baa2b799a1117d_VirusTotal Observer,VirusTotal Observer,1623532997,3,3,0,insufficient_events,0,0,raw/vt/behaviours/091c54409d9a5f4495f04287a47da8478467f680fc924b1dd9baa2b799a1117d.json,unknown
f68149459e669262bfec116bad3cda261b1ad6158d031d0e9b7f0ebc3e53049f,sha1:9adfcac27e984fdc57fb7e4b3a1f0822e684b0d6,test,b559c2d840e887e47e278a5248363b6caadab20d31ca93ef02d5637929da7e28_CAPA,CAPA,1671091949,0,0,0,insufficient_events,0,0,raw/vt/behaviours/b559c2d840e887e47e278a5248363b6caadab20d31ca93ef02d5637929da7e28.json,unknown
0c869c78204779d3edd3f7ceca09cf8c2d63a0e6d43210f19efb88fc3add7c44,sha1:9adfcac27e984fdc57fb7e4b3a1f0822e684b0d6,test,b559c2d840e887e47e278a5248363b6caadab20d31ca93ef02d5637929da7e28_Microsoft Sysinternals,Microsoft Sysinternals,1675746784,14,5,1,valid,0,0,raw/vt/behaviours/b559c2d840e887e47e278a5248363b6caadab20d31ca93ef02d5637929da7e28.json,unknown
89ada0d61e6addc9d97fb46d032316e6bc78f6f00443233e7dba7c70bee84747,sha1:9adfcac27e984fdc57fb7e4b3a1f0822e684b0d6,test,b559c2d840e887e47e278a5248363b6caadab20d31ca93ef02d5637929da7e28_Tencent HABO,Tencent HABO,1582937674,59,4,0,valid,0,0,raw/vt/behaviours/b559c2d840e887e47e278a5248363b6caadab20d31ca93ef02d5637929da7e28.json,unknown
662c16166152bc64f41b60f39be4df5f9e08dccf9c52270130402248fecbd645,sha1:9adfcac27e984fdc57fb7e4b3a1f0822e684b0d6,test,b559c2d840e887e47e278a5248363b6caadab20d31ca93ef02d5637929da7e28_VirusTotal Cuckoofork,VirusTotal Cuckoofork,1409329563,3,2,0,insufficient_events,0,0,raw/vt/behaviours/b559c2d840e887e47e278a5248363b6caadab20d31ca93ef02d5637929da7e28.json,unknown
85f15066dc45b8df39191c2ad7f41db53e6a95b6db7cf0dbc1908ea7d9c03968,sha1:9adfcac27e984fdc57fb7e4b3a1f0822e684b0d6,test,b559c2d840e887e47e278a5248363b6caadab20d31ca93ef02d5637929da7e28_VirusTotal Jujubox,VirusTotal Jujubox,1675746871,20,4,0,valid,0,0,raw/vt/behaviours/b559c2d840e887e47e278a5248363b6caadab20d31ca93ef02d5637929da7e28.json,unknown
c6c65897b4aca9ab0b3799d470e61932d68ac02ab611fbc9a10b16078d413d3c,sha1:9adfcac27e984fdc57fb7e4b3a1f0822e684b0d6,test,b559c2d840e887e47e278a5248363b6caadab20d31ca93ef02d5637929da7e28_VirusTotal Observer,VirusTotal Observer,1675746868,2,2,0,insufficient_events,0,0,raw/vt/behaviours/b559c2d840e887e47e278a5248363b6caadab20d31ca93ef02d5637929da7e28.json,unknown
62f505bad907cecb72aedc1c47d318a1e918a96ecbcc5cdd70bf9470c339e653,sha1:9adfcac27e984fdc57fb7e4b3a1f0822e684b0d6,test,b559c2d840e887e47e278a5248363b6caadab20d31ca93ef02d5637929da7e28_Zenbox,Zenbox,1675880758,116,3,0,valid,0,0,raw/vt/behaviours/b559c2d840e887e47e278a5248363b6caadab20d31ca93ef02d5637929da7e28.json,unknown
49a64a6c4915a69757b61e9621a85063d353680896c101cf46fe3b8f60437277,sha1:8fccda838ffdd3b28b71c3fba700bf4cbaa945b7,validation,06c36ed37f23f6b75abe58324adbc0597f71c43f1348869ca4f8eacef0063986_Tencent HABO,Tencent HABO,1542030481,1123,10,1,valid,0,0,raw/vt/behaviours/06c36ed37f23f6b75abe58324adbc0597f71c43f1348869ca4f8eacef0063986.json,unknown
46ca23707960e54be0308f3a50880b9b6a7005bf7af6941633cbac9441e022aa,sha1:d8cb7816fcc2b652df45a8da892d04dd9aa5c45f,train,3964a1e13d2b3ee0c3c34b50d4785907c3ffd560dc3e4a8b22906893c8db9848_C2AE,C2AE,1642192964,32,4,0,valid,0,0,raw/vt/behaviours/3964a1e13d2b3ee0c3c34b50d4785907c3ffd560dc3e4a8b22906893c8db9848.json,unknown
2fd93ff971dfc617b313410913e213f6c140066df0d5cb2bb396984855baf51f,sha1:d8cb7816fcc2b652df45a8da892d04dd9aa5c45f,train,3964a1e13d2b3ee0c3c34b50d4785907c3ffd560dc3e4a8b22906893c8db9848_Dr.Web vxCube,Dr.Web vxCube,1765624682,676,15,1,valid,0,0,raw/vt/behaviours/3964a1e13d2b3ee0c3c34b50d4785907c3ffd560dc3e4a8b22906893c8db9848.json,unknown
83613e821be8c26c06544a87ba030c11970fc1f4c2bca85f9dba63e37a38fb44,sha1:d8cb7816fcc2b652df45a8da892d04dd9aa5c45f,train,3964a1e13d2b3ee0c3c34b50d4785907c3ffd560dc3e4a8b22906893c8db9848_Microsoft Sysinternals,Microsoft Sysinternals,1642732298,142,8,0,valid,0,0,raw/vt/behaviours/3964a1e13d2b3ee0c3c34b50d4785907c3ffd560dc3e4a8b22906893c8db9848.json,unknown
37b7f7c7c5f50475e80ae924a110b6f9b384017e0337fd3c92daebe375d65dae,sha1:d8cb7816fcc2b652df45a8da892d04dd9aa5c45f,train,3964a1e13d2b3ee0c3c34b50d4785907c3ffd560dc3e4a8b22906893c8db9848_Tencent HABO,Tencent HABO,1642579554,349,7,0,valid,0,0,raw/vt/behaviours/3964a1e13d2b3ee0c3c34b50d4785907c3ffd560dc3e4a8b22906893c8db9848.json,unknown
f1a3dd239ef2c1d32715c692a6fbd2b5977840df51c40df715ac8dfd602ae688,sha1:d8cb7816fcc2b652df45a8da892d04dd9aa5c45f,train,3964a1e13d2b3ee0c3c34b50d4785907c3ffd560dc3e4a8b22906893c8db9848_VirusTotal Cuckoofork,VirusTotal Cuckoofork,1642275803,70,6,0,valid,0,0,raw/vt/behaviours/3964a1e13d2b3ee0c3c34b50d4785907c3ffd560dc3e4a8b22906893c8db9848.json,unknown
c4b47ed80fcd447e8bfcaa3ceba7adb22900917e5133a0921aa9529abdcfe0d7,sha1:d8cb7816fcc2b652df45a8da892d04dd9aa5c45f,train,3964a1e13d2b3ee0c3c34b50d4785907c3ffd560dc3e4a8b22906893c8db9848_VirusTotal Jujubox,VirusTotal Jujubox,1642222931,545,10,0,valid,0,0,raw/vt/behaviours/3964a1e13d2b3ee0c3c34b50d4785907c3ffd560dc3e4a8b22906893c8db9848.json,unknown
d2831fdcf202c7c9ce2b4c8379b317fc19000928b7d3fc74a9851042c67c40ec,sha1:d8cb7816fcc2b652df45a8da892d04dd9aa5c45f,train,3964a1e13d2b3ee0c3c34b50d4785907c3ffd560dc3e4a8b22906893c8db9848_VirusTotal Observer,VirusTotal Observer,1642222930,93,5,0,valid,0,0,raw/vt/behaviours/3964a1e13d2b3ee0c3c34b50d4785907c3ffd560dc3e4a8b22906893c8db9848.json,unknown
19c3ee21a53f4a4b173354aadd0c3ccdf787d5b8c06d87875920445dd3f21f3e,sha1:d8cb7816fcc2b652df45a8da892d04dd9aa5c45f,train,3964a1e13d2b3ee0c3c34b50d4785907c3ffd560dc3e4a8b22906893c8db9848_Zenbox,Zenbox,1642732773,535,8,0,valid,0,0,raw/vt/behaviours/3964a1e13d2b3ee0c3c34b50d4785907c3ffd560dc3e4a8b22906893c8db9848.json,unknown
fae42a6407b5192ae524c7d907ae0c495dedad736409c0361629de84fbde491d,sha1:e8328c960e000c606b36a3887bc5d154afcfc141,train,b9592f7616249ff910d601c0680932abf55a8b4af511bf18d42ad55835f422d4_C2AE,C2AE,1675678319,4,3,0,insufficient_events,0,0,raw/vt/behaviours/b9592f7616249ff910d601c0680932abf55a8b4af511bf18d42ad55835f422d4.json,unknown
2e22f8f133db5fb39f114e3792f41e210f84446a5006146af620f60b1693d68e,sha1:e8328c960e000c606b36a3887bc5d154afcfc141,train,b9592f7616249ff910d601c0680932abf55a8b4af511bf18d42ad55835f422d4_CAPA,CAPA,1675673638,0,0,0,insufficient_events,0,0,raw/vt/behaviours/b9592f7616249ff910d601c0680932abf55a8b4af511bf18d42ad55835f422d4.json,unknown
fd55fd37d2a7541076a8de182482a50dcc86271c89cebcb65216c6f7835fd0c1,sha1:e8328c960e000c606b36a3887bc5d154afcfc141,train,b9592f7616249ff910d601c0680932abf55a8b4af511bf18d42ad55835f422d4_DAS-Security Orcas,DAS-Security Orcas,1693012631,41,4,0,valid,0,0,raw/vt/behaviours/b9592f7616249ff910d601c0680932abf55a8b4af511bf18d42ad55835f422d4.json,unknown
123e3c4853526fdf0ef848e6b328f63964746ab6f0ef56f3366b7922ae353cc1,sha1:e8328c960e000c606b36a3887bc5d154afcfc141,train,b9592f7616249ff910d601c0680932abf55a8b4af511bf18d42ad55835f422d4_Microsoft Sysinternals,Microsoft Sysinternals,1675673677,18,7,1,valid,0,0,raw/vt/behaviours/b9592f7616249ff910d601c0680932abf55a8b4af511bf18d42ad55835f422d4.json,unknown
6cdf05c6a116f95efc9ea660a85ab7c67fcb2aa844328ce31c849a26faa4dc72,sha1:e8328c960e000c606b36a3887bc5d154afcfc141,train,b9592f7616249ff910d601c0680932abf55a8b4af511bf18d42ad55835f422d4_VMRay,VMRay,1675681944,110,4,0,valid,0,0,raw/vt/behaviours/b9592f7616249ff910d601c0680932abf55a8b4af511bf18d42ad55835f422d4.json,unknown
ba121e6e2451fea49ec76a5c0bb5fdcf48e1c4e347de1f59155900cf0c8c069e,sha1:e8328c960e000c606b36a3887bc5d154afcfc141,train,b9592f7616249ff910d601c0680932abf55a8b4af511bf18d42ad55835f422d4_VirusTotal Cuckoofork,VirusTotal Cuckoofork,1675682518,6,1,0,valid,0,0,raw/vt/behaviours/b9592f7616249ff910d601c0680932abf55a8b4af511bf18d42ad55835f422d4.json,unknown
0d37e4f6a59bc97be2a5afed255adef51f45bc826d86db6a2735820e31db2b62,sha1:e8328c960e000c606b36a3887bc5d154afcfc141,train,b9592f7616249ff910d601c0680932abf55a8b4af511bf18d42ad55835f422d4_VirusTotal Jujubox,VirusTotal Jujubox,1675673768,59,4,0,valid,0,0,raw/vt/behaviours/b9592f7616249ff910d601c0680932abf55a8b4af511bf18d42ad55835f422d4.json,unknown
1e4e116fff6457fe3b911e23e4b18e1d5600da50b24305e42811893ab4dc09f6,sha1:e8328c960e000c606b36a3887bc5d154afcfc141,train,b9592f7616249ff910d601c0680932abf55a8b4af511bf18d42ad55835f422d4_VirusTotal Observer,VirusTotal Observer,1675673766,301,2,0,valid,0,0,raw/vt/behaviours/b9592f7616249ff910d601c0680932abf55a8b4af511bf18d42ad55835f422d4.json,unknown
db0f1b94474a266f95ea3c7b75ff7cef986578ea6a171a56161847475c0c19bf,sha1:ff4b2ef332f97f3adaae9b1d4ffa6c4cef6b2b7f,test,776f4f1fe1ccd58c4f5e1e13efc1ff3caa002cb8b639206377fc6bb6dfeaa397_C2AE,C2AE,1662463801,4,2,0,insufficient_events,0,0,raw/vt/behaviours/776f4f1fe1ccd58c4f5e1e13efc1ff3caa002cb8b639206377fc6bb6dfeaa397.json,unknown
0da0881cdc31a4d295f476acac43c8a55f9f0d2fc3762aa15c8b5e8e3ed7272d,sha1:ff4b2ef332f97f3adaae9b1d4ffa6c4cef6b2b7f,test,776f4f1fe1ccd58c4f5e1e13efc1ff3caa002cb8b639206377fc6bb6dfeaa397_CAPA,CAPA,1682946280,0,0,0,insufficient_events,0,0,raw/vt/behaviours/776f4f1fe1ccd58c4f5e1e13efc1ff3caa002cb8b639206377fc6bb6dfeaa397.json,unknown
dc901ec3b85d2cd2e44df5eccbad130519ceefe81e8bda18786968c7b4706363,sha1:ff4b2ef332f97f3adaae9b1d4ffa6c4cef6b2b7f,test,776f4f1fe1ccd58c4f5e1e13efc1ff3caa002cb8b639206377fc6bb6dfeaa397_DAS-Security Orcas,DAS-Security Orcas,1662510147,136,10,1,valid,0,0,raw/vt/behaviours/776f4f1fe1ccd58c4f5e1e13efc1ff3caa002cb8b639206377fc6bb6dfeaa397.json,unknown
3831db2d998ef6bb4f49405937b4cb307252ab1a5754e7b47d265be5506eaf00,sha1:ff4b2ef332f97f3adaae9b1d4ffa6c4cef6b2b7f,test,776f4f1fe1ccd58c4f5e1e13efc1ff3caa002cb8b639206377fc6bb6dfeaa397_Microsoft Sysinternals,Microsoft Sysinternals,1662459359,26,5,0,valid,0,0,raw/vt/behaviours/776f4f1fe1ccd58c4f5e1e13efc1ff3caa002cb8b639206377fc6bb6dfeaa397.json,unknown
8208429bb9d4f7cbeb684a5426f71d7259db457ffccab46b4171329d0e9757a6,sha1:ff4b2ef332f97f3adaae9b1d4ffa6c4cef6b2b7f,test,776f4f1fe1ccd58c4f5e1e13efc1ff3caa002cb8b639206377fc6bb6dfeaa397_Zenbox,Zenbox,1662459490,278,5,0,valid,0,0,raw/vt/behaviours/776f4f1fe1ccd58c4f5e1e13efc1ff3caa002cb8b639206377fc6bb6dfeaa397.json,unknown
3899f8d664fa703dd36798c9f7a7f347bde0827e316ac6867cf73a356ecfe268,sha1:1a2bb7d9083f80886e2906db5cf3dd8e5881ef1b,train,29119f0552f6b08aa880a0f90ebee5e857c33b1026fb0e8c23075a808e892f5e_C2AE,C2AE,1688804486,2,1,0,insufficient_events,0,0,raw/vt/behaviours/29119f0552f6b08aa880a0f90ebee5e857c33b1026fb0e8c23075a808e892f5e.json,unknown
ab184dd1fce396e2328731e4e2c50c71fed84e5f1ca473c1a7083d5bbda1d4cf,sha1:1a2bb7d9083f80886e2906db5cf3dd8e5881ef1b,train,29119f0552f6b08aa880a0f90ebee5e857c33b1026fb0e8c23075a808e892f5e_CAPA,CAPA,1688800677,0,0,0,insufficient_events,0,0,raw/vt/behaviours/29119f0552f6b08aa880a0f90ebee5e857c33b1026fb0e8c23075a808e892f5e.json,unknown
98c059d5d138d30d5ac79973531f0cea10a32f78652025838e2ca668c4b31abe,sha1:1a2bb7d9083f80886e2906db5cf3dd8e5881ef1b,train,29119f0552f6b08aa880a0f90ebee5e857c33b1026fb0e8c23075a808e892f5e_CAPE Sandbox,CAPE Sandbox,1688800576,63,4,0,valid,0,0,raw/vt/behaviours/29119f0552f6b08aa880a0f90ebee5e857c33b1026fb0e8c23075a808e892f5e.json,unknown
67e9526b9a464cb740956045bab5ba9fcae2c6922eff57890c6a0bea16c79d31,sha1:1a2bb7d9083f80886e2906db5cf3dd8e5881ef1b,train,29119f0552f6b08aa880a0f90ebee5e857c33b1026fb0e8c23075a808e892f5e_Microsoft Sysinternals,Microsoft Sysinternals,1688800440,17,6,1,valid,0,0,raw/vt/behaviours/29119f0552f6b08aa880a0f90ebee5e857c33b1026fb0e8c23075a808e892f5e.json,unknown
ec90aa2299c6385c44d146ddbdc2b04756aa80a29d9ddca8f82076f7b29838c9,sha1:1a2bb7d9083f80886e2906db5cf3dd8e5881ef1b,train,29119f0552f6b08aa880a0f90ebee5e857c33b1026fb0e8c23075a808e892f5e_VirusTotal Jujubox,VirusTotal Jujubox,1688800527,18,4,0,valid,0,0,raw/vt/behaviours/29119f0552f6b08aa880a0f90ebee5e857c33b1026fb0e8c23075a808e892f5e.json,unknown
2428ba46288399f7fca654d483062673f2192ba307299136fabaf94a15f6fc38,sha1:1a2bb7d9083f80886e2906db5cf3dd8e5881ef1b,train,29119f0552f6b08aa880a0f90ebee5e857c33b1026fb0e8c23075a808e892f5e_Zenbox,Zenbox,1688800578,88,3,0,valid,0,0,raw/vt/behaviours/29119f0552f6b08aa880a0f90ebee5e857c33b1026fb0e8c23075a808e892f5e.json,unknown
c5dd0239f2fdeaee95c7b34e795eb5051ae5b4785c09695b3b0b97cbf3041ee1,sha1:17757b821ee9b081fcc142dcc7aff5a147de6095,test,a2925ab4b7c0267fb273b9125b81673c84525a2e974119dd6c6f3c10ac6675f5_C2AE,C2AE,1610960952,130,6,0,valid,0,0,raw/vt/behaviours/a2925ab4b7c0267fb273b9125b81673c84525a2e974119dd6c6f3c10ac6675f5.json,unknown
9b8a6a8d338f5c3154b5fb50265db430e750b4a32b12976033bfd0d4995e4dd8,sha1:17757b821ee9b081fcc142dcc7aff5a147de6095,test,a2925ab4b7c0267fb273b9125b81673c84525a2e974119dd6c6f3c10ac6675f5_CAPA,CAPA,1689437664,0,0,0,insufficient_events,0,0,raw/vt/behaviours/a2925ab4b7c0267fb273b9125b81673c84525a2e974119dd6c6f3c10ac6675f5.json,unknown
17bc97e2ca85f244f75a5c15901ffd26f21eeec47d2e8d07eecfcdc799044c7a,sha1:17757b821ee9b081fcc142dcc7aff5a147de6095,test,a2925ab4b7c0267fb273b9125b81673c84525a2e974119dd6c6f3c10ac6675f5_Dr.Web vxCube,Dr.Web vxCube,1610959450,55,12,1,valid,0,0,raw/vt/behaviours/a2925ab4b7c0267fb273b9125b81673c84525a2e974119dd6c6f3c10ac6675f5.json,unknown
13ee3b0bbed43ab111ea171cffb805cc3be9f386b117750bc39cb7f1a64d71f0,sha1:17757b821ee9b081fcc142dcc7aff5a147de6095,test,a2925ab4b7c0267fb273b9125b81673c84525a2e974119dd6c6f3c10ac6675f5_Sangfor ZSand,Sangfor ZSand,1612092470,417,9,0,valid,0,0,raw/vt/behaviours/a2925ab4b7c0267fb273b9125b81673c84525a2e974119dd6c6f3c10ac6675f5.json,unknown
eafa39a0fab0e850f181edce1f078e3a93e1c6cb655964eaab220a02f477c39e,sha1:17757b821ee9b081fcc142dcc7aff5a147de6095,test,a2925ab4b7c0267fb273b9125b81673c84525a2e974119dd6c6f3c10ac6675f5_Tencent HABO,Tencent HABO,1613497568,335,9,0,valid,0,0,raw/vt/behaviours/a2925ab4b7c0267fb273b9125b81673c84525a2e974119dd6c6f3c10ac6675f5.json,unknown
1f108fcb508b251991e9f0dd2863bc3ebbca76180e1287052b23f7bd73c406f5,sha1:17757b821ee9b081fcc142dcc7aff5a147de6095,test,a2925ab4b7c0267fb273b9125b81673c84525a2e974119dd6c6f3c10ac6675f5_VMRay,VMRay,1610969280,145,11,0,valid,0,0,raw/vt/behaviours/a2925ab4b7c0267fb273b9125b81673c84525a2e974119dd6c6f3c10ac6675f5.json,unknown
4312da39c65cf6471bb7650bb0c2e4450e01302161c5eef897b44cbb368a7a0a,sha1:17757b821ee9b081fcc142dcc7aff5a147de6095,test,a2925ab4b7c0267fb273b9125b81673c84525a2e974119dd6c6f3c10ac6675f5_VirusTotal Jujubox,VirusTotal Jujubox,1610956387,17,6,0,valid,0,0,raw/vt/behaviours/a2925ab4b7c0267fb273b9125b81673c84525a2e974119dd6c6f3c10ac6675f5.json,unknown
38123f2007f949edb6452e077f6e486fda49d95fa1f4ff5419c3ef4c2f944709,sha1:17757b821ee9b081fcc142dcc7aff5a147de6095,test,a2925ab4b7c0267fb273b9125b81673c84525a2e974119dd6c6f3c10ac6675f5_VirusTotal Observer,VirusTotal Observer,1610956386,25,3,0,valid,0,0,raw/vt/behaviours/a2925ab4b7c0267fb273b9125b81673c84525a2e974119dd6c6f3c10ac6675f5.json,unknown
db35b4821b2209c1b4a7ee9ca9e13b2533a4340ca95ac8745004a8b8e3d15d7a,sha1:17757b821ee9b081fcc142dcc7aff5a147de6095,test,a2925ab4b7c0267fb273b9125b81673c84525a2e974119dd6c6f3c10ac6675f5_Yomi Hunter,Yomi Hunter,1610962218,142,8,0,valid,0,0,raw/vt/behaviours/a2925ab4b7c0267fb273b9125b81673c84525a2e974119dd6c6f3c10ac6675f5.json,unknown
a0ec3e8f3a39dbca73a5742ea1df880bedd2a9b73e150e1506cc852d146695f0,sha1:638d549a24bb0a28e462c70880bf3f979f137cc6,train,766e49811c0bb7cce217e72e73a6aa866c15de0ba11d7dda3bd7e9ec33ed6963_CAPA,CAPA,1762933531,0,0,0,insufficient_events,0,0,raw/vt/behaviours/766e49811c0bb7cce217e72e73a6aa866c15de0ba11d7dda3bd7e9ec33ed6963.json,unknown
610c8020d55929d772746983c676c948ef3e241bf2b282eb07ccf9a77aa85df2,sha1:638d549a24bb0a28e462c70880bf3f979f137cc6,train,766e49811c0bb7cce217e72e73a6aa866c15de0ba11d7dda3bd7e9ec33ed6963_CAPE Sandbox,CAPE Sandbox,1723744698,91,4,0,valid,0,0,raw/vt/behaviours/766e49811c0bb7cce217e72e73a6aa866c15de0ba11d7dda3bd7e9ec33ed6963.json,unknown
e800c30e98aa36e7deed619c9d039e03aac32ee94d4da591cd61f94aac2a6117,sha1:638d549a24bb0a28e462c70880bf3f979f137cc6,train,766e49811c0bb7cce217e72e73a6aa866c15de0ba11d7dda3bd7e9ec33ed6963_Microsoft Sysinternals,Microsoft Sysinternals,1723744712,6,5,1,valid,0,0,raw/vt/behaviours/766e49811c0bb7cce217e72e73a6aa866c15de0ba11d7dda3bd7e9ec33ed6963.json,unknown
d2b2fce1de10f7441abc0015eb871225864c5c9c46d2267fac49a68fd0862401,sha1:638d549a24bb0a28e462c70880bf3f979f137cc6,train,766e49811c0bb7cce217e72e73a6aa866c15de0ba11d7dda3bd7e9ec33ed6963_Tencent HABO,Tencent HABO,1633437113,41,4,0,valid,0,0,raw/vt/behaviours/766e49811c0bb7cce217e72e73a6aa866c15de0ba11d7dda3bd7e9ec33ed6963.json,unknown
27bf4331c78a3c9776fc486ae8740fb500d047dea5ce74c88efedab04e1acce6,sha1:638d549a24bb0a28e462c70880bf3f979f137cc6,train,766e49811c0bb7cce217e72e73a6aa866c15de0ba11d7dda3bd7e9ec33ed6963_VirusTotal Jujubox,VirusTotal Jujubox,1762933580,1,1,0,insufficient_events,0,0,raw/vt/behaviours/766e49811c0bb7cce217e72e73a6aa866c15de0ba11d7dda3bd7e9ec33ed6963.json,unknown
7f3c381f39d74f8fc7f6a2c3e78793d00727a950f7d1596dbd383a0a33d4c32f,sha1:638d549a24bb0a28e462c70880bf3f979f137cc6,train,766e49811c0bb7cce217e72e73a6aa866c15de0ba11d7dda3bd7e9ec33ed6963_Zenbox,Zenbox,1723745201,27,3,0,valid,0,0,raw/vt/behaviours/766e49811c0bb7cce217e72e73a6aa866c15de0ba11d7dda3bd7e9ec33ed6963.json,unknown
ea7e779afdb5527d7f1bddd6f75ba2e2e8b712dfb75321a88ffad1ce72f14970,sha1:b5c1be1a279914cf63c84722aaa6ccf7ab5609fb,train,5a65a71bcba1c3326e67603eba5ccc6115791825e63771c6136a67ead8ac8dc8_Rising MOVES,Rising MOVES,1550258095,907,6,0,valid,0,0,raw/vt/behaviours/5a65a71bcba1c3326e67603eba5ccc6115791825e63771c6136a67ead8ac8dc8.json,unknown
c1bccceed89719565ec7d1399c96bcb0f36975269b3f60a3c63c9ae98da46980,sha1:b5c1be1a279914cf63c84722aaa6ccf7ab5609fb,train,5a65a71bcba1c3326e67603eba5ccc6115791825e63771c6136a67ead8ac8dc8_Tencent HABO,Tencent HABO,1548127331,1362,7,1,valid,0,0,raw/vt/behaviours/5a65a71bcba1c3326e67603eba5ccc6115791825e63771c6136a67ead8ac8dc8.json,unknown
b47839b86561737fb0020ba6a0a73f6f41fd603c0deee5cb8811b0778055f40f,sha1:0833825dc1a30c7a47f06f7269eae3c994681571,train,726a9e0d8640423c3401fbfacc3e816afd915b964b1d41fb07893c5234f73a3e_C2AE,C2AE,1684149645,34,4,0,valid,0,0,raw/vt/behaviours/726a9e0d8640423c3401fbfacc3e816afd915b964b1d41fb07893c5234f73a3e.json,unknown
b5aa78a6020287be82d2410be68f87b006adb3a98feedca6a442a35b9772857a,sha1:0833825dc1a30c7a47f06f7269eae3c994681571,train,726a9e0d8640423c3401fbfacc3e816afd915b964b1d41fb07893c5234f73a3e_CAPA,CAPA,1684144798,0,0,0,insufficient_events,0,0,raw/vt/behaviours/726a9e0d8640423c3401fbfacc3e816afd915b964b1d41fb07893c5234f73a3e.json,unknown
7d38656e7409b482dd8b5b6dfa6f0f2bbbf8138f10c5453de734511bbe4ea6ce,sha1:0833825dc1a30c7a47f06f7269eae3c994681571,train,726a9e0d8640423c3401fbfacc3e816afd915b964b1d41fb07893c5234f73a3e_Microsoft Sysinternals,Microsoft Sysinternals,1684144876,29,7,0,valid,0,0,raw/vt/behaviours/726a9e0d8640423c3401fbfacc3e816afd915b964b1d41fb07893c5234f73a3e.json,unknown
93c5c3ba1a150df559e8c75443add115c24115222d0871b2b13a6dfbae974680,sha1:0833825dc1a30c7a47f06f7269eae3c994681571,train,726a9e0d8640423c3401fbfacc3e816afd915b964b1d41fb07893c5234f73a3e_VMRay,VMRay,1684153487,27,6,0,valid,0,0,raw/vt/behaviours/726a9e0d8640423c3401fbfacc3e816afd915b964b1d41fb07893c5234f73a3e.json,unknown
52cad4e5201946c87d985ebef512c8a2ec1249da1bc4d5ba261cbc669714b219,sha1:0833825dc1a30c7a47f06f7269eae3c994681571,train,726a9e0d8640423c3401fbfacc3e816afd915b964b1d41fb07893c5234f73a3e_VirusTotal Jujubox,VirusTotal Jujubox,1684144959,224,4,0,valid,0,0,raw/vt/behaviours/726a9e0d8640423c3401fbfacc3e816afd915b964b1d41fb07893c5234f73a3e.json,unknown
012983862e1a43acc3b2c204604eff4bad832ff2a7bdc74efa982804c470570d,sha1:0833825dc1a30c7a47f06f7269eae3c994681571,train,726a9e0d8640423c3401fbfacc3e816afd915b964b1d41fb07893c5234f73a3e_Zenbox,Zenbox,1684145147,425,7,1,valid,0,0,raw/vt/behaviours/726a9e0d8640423c3401fbfacc3e816afd915b964b1d41fb07893c5234f73a3e.json,unknown
10b6f29ebfc267f5b99d04a511da4a0bca165fdc8dca57bbd7ece41e2de350e5,sha1:f99d8057b51105fa5ecedb6ad72262b635201c5f,test,423dcb1b7b98c20d6ccdcd3be9a1509b488b8ca1e93098670497ee7d0f1b8c37_C2AE,C2AE,1641574671,2,2,0,insufficient_events,0,0,raw/vt/behaviours/423dcb1b7b98c20d6ccdcd3be9a1509b488b8ca1e93098670497ee7d0f1b8c37.json,unknown
4803b51ee40da049825fd06287f44604d6b85d02254debddb891d10a3ef409b7,sha1:f99d8057b51105fa5ecedb6ad72262b635201c5f,test,423dcb1b7b98c20d6ccdcd3be9a1509b488b8ca1e93098670497ee7d0f1b8c37_Microsoft Sysinternals,Microsoft Sysinternals,1641570546,79,7,0,valid,0,0,raw/vt/behaviours/423dcb1b7b98c20d6ccdcd3be9a1509b488b8ca1e93098670497ee7d0f1b8c37.json,unknown
49745e8bd1dd69684694142c439e8340a7b8e2b0a334f502dd30d625e09236ab,sha1:f99d8057b51105fa5ecedb6ad72262b635201c5f,test,423dcb1b7b98c20d6ccdcd3be9a1509b488b8ca1e93098670497ee7d0f1b8c37_VirusTotal Jujubox,VirusTotal Jujubox,1641570624,265,10,1,valid,0,0,raw/vt/behaviours/423dcb1b7b98c20d6ccdcd3be9a1509b488b8ca1e93098670497ee7d0f1b8c37.json,unknown
eab886ff78258d28da28e2a296797d56992d3b78aae23cf10ccd089554444494,sha1:f99d8057b51105fa5ecedb6ad72262b635201c5f,test,423dcb1b7b98c20d6ccdcd3be9a1509b488b8ca1e93098670497ee7d0f1b8c37_VirusTotal Observer,VirusTotal Observer,1641570624,55,4,0,valid,0,0,raw/vt/behaviours/423dcb1b7b98c20d6ccdcd3be9a1509b488b8ca1e93098670497ee7d0f1b8c37.json,unknown
189d48753911a64c9e0af81e6c31970b8bf633040c35f5bab446260960d48f79,sha1:f99d8057b51105fa5ecedb6ad72262b635201c5f,test,423dcb1b7b98c20d6ccdcd3be9a1509b488b8ca1e93098670497ee7d0f1b8c37_Zenbox,Zenbox,1641570842,448,5,0,valid,0,0,raw/vt/behaviours/423dcb1b7b98c20d6ccdcd3be9a1509b488b8ca1e93098670497ee7d0f1b8c37.json,unknown
d12c842d593c9ec9e92c2fad704841ab4eca7557c5692b7bced9625cc6337182,sha1:229fbb64d4dd347c1d6cab79ce9414a39c7c9a5a,train,37c27f69e643203587064068088ca2b8c1f8bc508612e2fd2f6ed6fd3e300ee5_CAPA,CAPA,1707548627,0,0,0,insufficient_events,0,0,raw/vt/behaviours/37c27f69e643203587064068088ca2b8c1f8bc508612e2fd2f6ed6fd3e300ee5.json,unknown
5fc79339d292d301e721c0e4955e66c89debf99ad95d39c7c34b9f7d74d5812b,sha1:229fbb64d4dd347c1d6cab79ce9414a39c7c9a5a,train,37c27f69e643203587064068088ca2b8c1f8bc508612e2fd2f6ed6fd3e300ee5_Dr.Web vxCube,Dr.Web vxCube,1565831308,41,9,1,valid,0,0,raw/vt/behaviours/37c27f69e643203587064068088ca2b8c1f8bc508612e2fd2f6ed6fd3e300ee5.json,unknown
9e429b153c77c1cf048aa2382775a85ca8ec64182e50a2fb888df1db95b72f8e,sha1:229fbb64d4dd347c1d6cab79ce9414a39c7c9a5a,train,37c27f69e643203587064068088ca2b8c1f8bc508612e2fd2f6ed6fd3e300ee5_Lastline,Lastline,1570145248,167,8,0,valid,0,0,raw/vt/behaviours/37c27f69e643203587064068088ca2b8c1f8bc508612e2fd2f6ed6fd3e300ee5.json,unknown
3f6abbebfe6e1d917f9ec3bf4c565fb527747e772f43e94433fbf90ac7544dc2,sha1:229fbb64d4dd347c1d6cab79ce9414a39c7c9a5a,train,37c27f69e643203587064068088ca2b8c1f8bc508612e2fd2f6ed6fd3e300ee5_Rising MOVES,Rising MOVES,1651051593,15,5,0,valid,0,0,raw/vt/behaviours/37c27f69e643203587064068088ca2b8c1f8bc508612e2fd2f6ed6fd3e300ee5.json,unknown
66fb4e51170879dd87d53d33ef4f684890fde4c8c532cd567a7ea1f83679d06d,sha1:229fbb64d4dd347c1d6cab79ce9414a39c7c9a5a,train,37c27f69e643203587064068088ca2b8c1f8bc508612e2fd2f6ed6fd3e300ee5_Tencent HABO,Tencent HABO,1569681948,19,2,0,valid,0,0,raw/vt/behaviours/37c27f69e643203587064068088ca2b8c1f8bc508612e2fd2f6ed6fd3e300ee5.json,unknown
b74f0868b9e71f1e391a9a7f5ad842f4091936532e397e43c4afce2d7a1279ff,sha1:229fbb64d4dd347c1d6cab79ce9414a39c7c9a5a,train,37c27f69e643203587064068088ca2b8c1f8bc508612e2fd2f6ed6fd3e300ee5_VirusTotal Jujubox,VirusTotal Jujubox,1565868307,47,4,0,valid,0,0,raw/vt/behaviours/37c27f69e643203587064068088ca2b8c1f8bc508612e2fd2f6ed6fd3e300ee5.json,unknown
ed8d5714224609e6711ddadf99085e774a7d85ce6d76565dd93605e05613afb5,sha1:229fbb64d4dd347c1d6cab79ce9414a39c7c9a5a,train,37c27f69e643203587064068088ca2b8c1f8bc508612e2fd2f6ed6fd3e300ee5_Yomi Hunter,Yomi Hunter,1701921269,72,5,0,valid,0,0,raw/vt/behaviours/37c27f69e643203587064068088ca2b8c1f8bc508612e2fd2f6ed6fd3e300ee5.json,unknown
44587b07886e0a4ff4dfdb57cd319f1fef8608f2f9bf3b983665b830c9eea6bf,sha1:fe794cf8a4cce92942f1fcc067b38f4dabd4e371,train,95158cfc49223f86724790e32000717b973122defaf72fc0a35f17d83bf97c9b_Microsoft Sysinternals,Microsoft Sysinternals,1644174201,14,6,0,valid,0,0,raw/vt/behaviours/95158cfc49223f86724790e32000717b973122defaf72fc0a35f17d83bf97c9b.json,unknown
d053d0ad9127e452ae82fcab81216fa0f754af85350714c0684aa3bb0180a3cc,sha1:fe794cf8a4cce92942f1fcc067b38f4dabd4e371,train,95158cfc49223f86724790e32000717b973122defaf72fc0a35f17d83bf97c9b_Zenbox,Zenbox,1644174392,392,7,1,valid,0,0,raw/vt/behaviours/95158cfc49223f86724790e32000717b973122defaf72fc0a35f17d83bf97c9b.json,unknown
d694d6ebf7303ddbb8df69f2da592802645eab4a406224e03234e184174ff3b3,sha1:4e8c4b6e7bdf91ccf0c2f09fc4767c71648da24e,test,0b30c90c81ad0b5897d869e199fa9781e024e0d7a57be43e992af02cff8cbb63_Rising MOVES,Rising MOVES,1565611108,274,8,1,valid,0,0,raw/vt/behaviours/0b30c90c81ad0b5897d869e199fa9781e024e0d7a57be43e992af02cff8cbb63.json,unknown
c7d096d4758a7a149f28914937c0d97ecae94a1af737792e8af02fe7e79424f3,sha1:4e8c4b6e7bdf91ccf0c2f09fc4767c71648da24e,test,0b30c90c81ad0b5897d869e199fa9781e024e0d7a57be43e992af02cff8cbb63_VenusEye Sandbox,VenusEye Sandbox,1620892994,2,1,0,insufficient_events,0,0,raw/vt/behaviours/0b30c90c81ad0b5897d869e199fa9781e024e0d7a57be43e992af02cff8cbb63.json,unknown
e924deca3e5eef560edfa4a3b387cdd023ebee3bfc347370c94e12402b2c915f,sha1:4e8c4b6e7bdf91ccf0c2f09fc4767c71648da24e,test,0b30c90c81ad0b5897d869e199fa9781e024e0d7a57be43e992af02cff8cbb63_VirusTotal Cuckoofork,VirusTotal Cuckoofork,1563796042,33,6,0,valid,0,0,raw/vt/behaviours/0b30c90c81ad0b5897d869e199fa9781e024e0d7a57be43e992af02cff8cbb63.json,unknown
0cbde991edc4162d4497f2b9a55853344b6b5b4d19a72cd9b4e554e54c52141b,sha1:4e8c4b6e7bdf91ccf0c2f09fc4767c71648da24e,test,0b30c90c81ad0b5897d869e199fa9781e024e0d7a57be43e992af02cff8cbb63_VirusTotal Jujubox,VirusTotal Jujubox,1563803159,85,7,0,valid,0,0,raw/vt/behaviours/0b30c90c81ad0b5897d869e199fa9781e024e0d7a57be43e992af02cff8cbb63.json,unknown
6fc7a859de4599a6464b5a098287bf5966c6c07c580168c55e24ad36fe0b6e9a,sha1:3330cd73aa7106c21ffb27adaa0d746bdeee5bfa,train,e12e2083e26f8d17c36f3248d53689420b3f8906dbc860ac72d0b9820f137115_Microsoft Sysinternals,Microsoft Sysinternals,1643662689,17,7,0,valid,0,0,raw/vt/behaviours/e12e2083e26f8d17c36f3248d53689420b3f8906dbc860ac72d0b9820f137115.json,unknown
88b9f85228fe0829e0f8b2466e333b0ba607690e497ecd70b5b11f3adaf264c9,sha1:3330cd73aa7106c21ffb27adaa0d746bdeee5bfa,train,e12e2083e26f8d17c36f3248d53689420b3f8906dbc860ac72d0b9820f137115_VirusTotal Cuckoofork,VirusTotal Cuckoofork,1643688224,30,4,0,valid,0,0,raw/vt/behaviours/e12e2083e26f8d17c36f3248d53689420b3f8906dbc860ac72d0b9820f137115.json,unknown
41d74ff5e0ffbc9022c2b1f3bb34dd0e8db0a1eefe3083921033348f5b35a32d,sha1:3330cd73aa7106c21ffb27adaa0d746bdeee5bfa,train,e12e2083e26f8d17c36f3248d53689420b3f8906dbc860ac72d0b9820f137115_VirusTotal Jujubox,VirusTotal Jujubox,1643784647,400,8,1,valid,0,0,raw/vt/behaviours/e12e2083e26f8d17c36f3248d53689420b3f8906dbc860ac72d0b9820f137115.json,unknown
780d76a7f965e79ab86ac28aff17753d7b50238337ac4634a2bd0db7ba29a424,sha1:3330cd73aa7106c21ffb27adaa0d746bdeee5bfa,train,e12e2083e26f8d17c36f3248d53689420b3f8906dbc860ac72d0b9820f137115_VirusTotal Observer,VirusTotal Observer,1643784647,5,3,0,valid,0,0,raw/vt/behaviours/e12e2083e26f8d17c36f3248d53689420b3f8906dbc860ac72d0b9820f137115.json,unknown
80dbe81e78ab513a111bec4637bc4d8eae10a7f221356a242b651f898bfb0722,sha1:3330cd73aa7106c21ffb27adaa0d746bdeee5bfa,train,e12e2083e26f8d17c36f3248d53689420b3f8906dbc860ac72d0b9820f137115_Zenbox,Zenbox,1643668267,472,5,0,valid,0,0,raw/vt/behaviours/e12e2083e26f8d17c36f3248d53689420b3f8906dbc860ac72d0b9820f137115.json,unknown
22ef628d93b543d8a7b102f0b10fda8e9a7ff6077bcac23cfa10119eb2f866e7,sha1:e1b91fa675e71a19a47792e75308d7f687209431,train,49860038322ca135ae92b657a48097f7dc223327081e1c8543b72f50de911a33_CAPA,CAPA,1692669676,0,0,0,insufficient_events,0,0,raw/vt/behaviours/49860038322ca135ae92b657a48097f7dc223327081e1c8543b72f50de911a33.json,unknown
6a1a874c1fb2661b169011663bb4493d3353ff13134ee745b90992de0569f7e0,sha1:e1b91fa675e71a19a47792e75308d7f687209431,train,49860038322ca135ae92b657a48097f7dc223327081e1c8543b72f50de911a33_Microsoft Sysinternals,Microsoft Sysinternals,1692669339,9,5,0,valid,0,0,raw/vt/behaviours/49860038322ca135ae92b657a48097f7dc223327081e1c8543b72f50de911a33.json,unknown
c6379fcb71a8f6c8627ffcfc491a28b12f588b564c399129a0da0ef331d1622b,sha1:e1b91fa675e71a19a47792e75308d7f687209431,train,49860038322ca135ae92b657a48097f7dc223327081e1c8543b72f50de911a33_VirusTotal Cuckoofork,VirusTotal Cuckoofork,1692662164,25,2,0,valid,0,0,raw/vt/behaviours/49860038322ca135ae92b657a48097f7dc223327081e1c8543b72f50de911a33.json,unknown
8f0a46a32d4eb11db545e659c7a6dfb72ba1209d0f5821ea0bc35c5b924b97fd,sha1:e1b91fa675e71a19a47792e75308d7f687209431,train,49860038322ca135ae92b657a48097f7dc223327081e1c8543b72f50de911a33_VirusTotal Jujubox,VirusTotal Jujubox,1692669384,309,12,1,valid,0,0,raw/vt/behaviours/49860038322ca135ae92b657a48097f7dc223327081e1c8543b72f50de911a33.json,unknown
ed7c956e8aa556570c6b87b62014e1b32e02163bc357dc7b47c21e0b98a754f8,sha1:e1b91fa675e71a19a47792e75308d7f687209431,train,49860038322ca135ae92b657a48097f7dc223327081e1c8543b72f50de911a33_Zenbox,Zenbox,1692669708,630,5,0,valid,0,0,raw/vt/behaviours/49860038322ca135ae92b657a48097f7dc223327081e1c8543b72f50de911a33.json,unknown
9e0fe74659675fc0f98aa263c9298c2aa759a7ec76434f8f2f4d083f613829d8,sha1:ab5e473cac0f19dc6f56e7b32ac3c4d1018d4e87,train,f9828a32a2786565dc857432b163f5d65cb7ae4b02248936215d912d2653ea9c_C2AE,C2AE,1641138903,12,2,0,valid,0,0,raw/vt/behaviours/f9828a32a2786565dc857432b163f5d65cb7ae4b02248936215d912d2653ea9c.json,unknown
23fa3b4abdfca3141c061b6d9d32e146c010de4ce4c87e2fc358ad6eda46e65b,sha1:ab5e473cac0f19dc6f56e7b32ac3c4d1018d4e87,train,f9828a32a2786565dc857432b163f5d65cb7ae4b02248936215d912d2653ea9c_Microsoft Sysinternals,Microsoft Sysinternals,1641134224,39,7,1,valid,0,0,raw/vt/behaviours/f9828a32a2786565dc857432b163f5d65cb7ae4b02248936215d912d2653ea9c.json,unknown
796ee8aaa1ea0f54f997e221ff06c12537f7694b7ffda70e9d7dcf6b6f55a665,sha1:ab5e473cac0f19dc6f56e7b32ac3c4d1018d4e87,train,f9828a32a2786565dc857432b163f5d65cb7ae4b02248936215d912d2653ea9c_VirusTotal Jujubox,VirusTotal Jujubox,1641134244,341,6,0,valid,0,0,raw/vt/behaviours/f9828a32a2786565dc857432b163f5d65cb7ae4b02248936215d912d2653ea9c.json,unknown
b082d53d3b88adbd7d305a9649fac0f395d105fb764900a2dc79eeff9b1dfc76,sha1:ab5e473cac0f19dc6f56e7b32ac3c4d1018d4e87,train,f9828a32a2786565dc857432b163f5d65cb7ae4b02248936215d912d2653ea9c_Zenbox,Zenbox,1641134529,602,5,0,valid,0,0,raw/vt/behaviours/f9828a32a2786565dc857432b163f5d65cb7ae4b02248936215d912d2653ea9c.json,unknown
caa6f2f4dd1cce17ce939ec3623a0f064479ccc6e819e4a8353c83f48635834b,sha1:6bd36e54d7f3cf7d4f599454b505bc58d385ed4d,train,3dca60e7a32bc81165f399bab2162271332156e05c490ed4af3972713a1cb0f4_C2AE,C2AE,1683281284,59,4,0,valid,0,0,raw/vt/behaviours/3dca60e7a32bc81165f399bab2162271332156e05c490ed4af3972713a1cb0f4.json,unknown
8da102f34dbdd5457a6cf0434bb5c0f4222608e942089e5d3c811761af1db57d,sha1:6bd36e54d7f3cf7d4f599454b505bc58d385ed4d,train,3dca60e7a32bc81165f399bab2162271332156e05c490ed4af3972713a1cb0f4_CAPA,CAPA,1683276750,0,0,0,insufficient_events,0,0,raw/vt/behaviours/3dca60e7a32bc81165f399bab2162271332156e05c490ed4af3972713a1cb0f4.json,unknown
65a24d8a7f81ba96d1baab6e39d60a8aa193e7555b43aef5c396c4bccbaecefc,sha1:6bd36e54d7f3cf7d4f599454b505bc58d385ed4d,train,3dca60e7a32bc81165f399bab2162271332156e05c490ed4af3972713a1cb0f4_Rising MOVES,Rising MOVES,1683663420,34,6,1,valid,0,0,raw/vt/behaviours/3dca60e7a32bc81165f399bab2162271332156e05c490ed4af3972713a1cb0f4.json,unknown
3e9d89421c3d18f27a66faa78ea3cb2e6fac9940bf524cc664ca9d134ed1cb79,sha1:6bd36e54d7f3cf7d4f599454b505bc58d385ed4d,train,3dca60e7a32bc81165f399bab2162271332156e05c490ed4af3972713a1cb0f4_VMRay,VMRay,1683282856,19,5,0,valid,0,0,raw/vt/behaviours/3dca60e7a32bc81165f399bab2162271332156e05c490ed4af3972713a1cb0f4.json,unknown
4449a0ffaa3b9fb8a18e992c69f7a54badbcbc1ee62f1f8c64b5d752ef0f6dc9,sha1:9ba925818ca7a11ab894981cb04d97c1262dfdc9,train,1d5513416dd852e771c3595215719c0d670babd292d14fb8a4e2d218b45fc96c_C2AE,C2AE,1697455886,86,4,0,valid,0,0,raw/vt/behaviours/1d5513416dd852e771c3595215719c0d670babd292d14fb8a4e2d218b45fc96c.json,unknown
be72671f75447ea36776d3c487de9044fa304d1a66116132ceeecb36178abae6,sha1:9ba925818ca7a11ab894981cb04d97c1262dfdc9,train,1d5513416dd852e771c3595215719c0d670babd292d14fb8a4e2d218b45fc96c_CAPA,CAPA,1707296064,0,0,0,insufficient_events,0,0,raw/vt/behaviours/1d5513416dd852e771c3595215719c0d670babd292d14fb8a4e2d218b45fc96c.json,unknown
8ce1e873b37e8b3db2f539f2b0fc7658fa8384d9c442270fd9816b00c15cb381,sha1:9ba925818ca7a11ab894981cb04d97c1262dfdc9,train,1d5513416dd852e771c3595215719c0d670babd292d14fb8a4e2d218b45fc96c_Dr.Web vxCube,Dr.Web vxCube,1755631823,94,10,1,valid,0,0,raw/vt/behaviours/1d5513416dd852e771c3595215719c0d670babd292d14fb8a4e2d218b45fc96c.json,unknown
97af885e80cf8a717fbf7351bdf2379024ab649f4d4aa1b535fea81cc9700f86,sha1:9ba925818ca7a11ab894981cb04d97c1262dfdc9,train,1d5513416dd852e771c3595215719c0d670babd292d14fb8a4e2d218b45fc96c_Microsoft Sysinternals,Microsoft Sysinternals,1697451516,11,5,0,valid,0,0,raw/vt/behaviours/1d5513416dd852e771c3595215719c0d670babd292d14fb8a4e2d218b45fc96c.json,unknown
6892ec4db556f8ee489a7897c32426a5e661cd12350e1bcfdde9be9c0c06237a,sha1:9ba925818ca7a11ab894981cb04d97c1262dfdc9,train,1d5513416dd852e771c3595215719c0d670babd292d14fb8a4e2d218b45fc96c_VMRay,VMRay,1697464953,131,6,0,valid,0,0,raw/vt/behaviours/1d5513416dd852e771c3595215719c0d670babd292d14fb8a4e2d218b45fc96c.json,unknown
ee6687b346d17a3d240e0ca2092047a52d6dd6d9412d8a92d5b7b6f373a7ab17,sha1:9ba925818ca7a11ab894981cb04d97c1262dfdc9,train,1d5513416dd852e771c3595215719c0d670babd292d14fb8a4e2d218b45fc96c_VirusTotal Jujubox,VirusTotal Jujubox,1697451790,192,4,0,valid,0,0,raw/vt/behaviours/1d5513416dd852e771c3595215719c0d670babd292d14fb8a4e2d218b45fc96c.json,unknown
f48195de2d44f7946f7be8caf4fb5df5a84381676c1b8fae63068767b954d7b7,sha1:40a813d602c798c1688137214200646f796d9a3b,train,02f9880f063d95ab677b80ea81797ff708e4cbc6111d8488fcb8df473e99cf69_C2AE,C2AE,1691653198,6,2,0,valid,0,0,raw/vt/behaviours/02f9880f063d95ab677b80ea81797ff708e4cbc6111d8488fcb8df473e99cf69.json,unknown
761aa2fed5cc9b053da2106e5dc8250a4df901137ad5e2801f9fde6b1091cfa4,sha1:40a813d602c798c1688137214200646f796d9a3b,train,02f9880f063d95ab677b80ea81797ff708e4cbc6111d8488fcb8df473e99cf69_CAPA,CAPA,1763461600,0,0,0,insufficient_events,0,0,raw/vt/behaviours/02f9880f063d95ab677b80ea81797ff708e4cbc6111d8488fcb8df473e99cf69.json,unknown
c13a7f60d0d5822820cc057abe88a4be70cf4ac8bb42fe6b641d73fb0bb5cd18,sha1:40a813d602c798c1688137214200646f796d9a3b,train,02f9880f063d95ab677b80ea81797ff708e4cbc6111d8488fcb8df473e99cf69_CAPE Sandbox,CAPE Sandbox,1755281896,36,5,0,valid,0,0,raw/vt/behaviours/02f9880f063d95ab677b80ea81797ff708e4cbc6111d8488fcb8df473e99cf69.json,unknown
ace2611d33fc02ca01a408c226e02a820ee9f19f53f035a8abe9581aed2b0d49,sha1:40a813d602c798c1688137214200646f796d9a3b,train,02f9880f063d95ab677b80ea81797ff708e4cbc6111d8488fcb8df473e99cf69_Microsoft Sysinternals,Microsoft Sysinternals,1691649287,13,5,0,valid,0,0,raw/vt/behaviours/02f9880f063d95ab677b80ea81797ff708e4cbc6111d8488fcb8df473e99cf69.json,unknown
ba0d52409698b9cd4fdf1d0bb459348168434664b05e0e352c97ad8df2526a7f,sha1:40a813d602c798c1688137214200646f796d9a3b,train,02f9880f063d95ab677b80ea81797ff708e4cbc6111d8488fcb8df473e99cf69_VMRay,VMRay,1691676861,28,5,0,valid,0,0,raw/vt/behaviours/02f9880f063d95ab677b80ea81797ff708e4cbc6111d8488fcb8df473e99cf69.json,unknown
ace3a3c44e2557f88036c4d9b4cc35a0beab59570eeb00df4c9de9d390010091,sha1:40a813d602c798c1688137214200646f796d9a3b,train,02f9880f063d95ab677b80ea81797ff708e4cbc6111d8488fcb8df473e99cf69_VirusTotal Jujubox,VirusTotal Jujubox,1691649374,87,7,1,valid,0,0,raw/vt/behaviours/02f9880f063d95ab677b80ea81797ff708e4cbc6111d8488fcb8df473e99cf69.json,unknown
b4f1bc809ad11ec73406dc1d4787366052bc6d001a7cc2776ed26f7ce314496e,sha1:40a813d602c798c1688137214200646f796d9a3b,train,02f9880f063d95ab677b80ea81797ff708e4cbc6111d8488fcb8df473e99cf69_VirusTotal Observer,VirusTotal Observer,1691649372,8,3,0,valid,0,0,raw/vt/behaviours/02f9880f063d95ab677b80ea81797ff708e4cbc6111d8488fcb8df473e99cf69.json,unknown
eecf1d025cb95b688812f6d0c6d4602ca9f971f68edf6c4e7e9f21a83a5fe07c,sha1:40a813d602c798c1688137214200646f796d9a3b,train,02f9880f063d95ab677b80ea81797ff708e4cbc6111d8488fcb8df473e99cf69_Zenbox,Zenbox,1691650298,224,5,0,valid,0,0,raw/vt/behaviours/02f9880f063d95ab677b80ea81797ff708e4cbc6111d8488fcb8df473e99cf69.json,unknown
3fa469eb4ebfdd6489df7aa9d5e6cd2e3f81c0773b939f25fe755b5481e82034,sha1:31e2f1a6726fde67ac0a641c000af2e2c826971f,validation,2a562688fc181d5c21cfc8ac94756c797ffae355141a9bcbeb06b58a3a03905a_C2AE,C2AE,1659959513,3,2,0,insufficient_events,0,0,raw/vt/behaviours/2a562688fc181d5c21cfc8ac94756c797ffae355141a9bcbeb06b58a3a03905a.json,unknown
046cf42ab2a8241ed686081167c7efe2ffc3cb9dfa61ec861326c992c3364b4a,sha1:31e2f1a6726fde67ac0a641c000af2e2c826971f,validation,2a562688fc181d5c21cfc8ac94756c797ffae355141a9bcbeb06b58a3a03905a_CAPA,CAPA,1788270720,0,0,0,insufficient_events,0,0,raw/vt/behaviours/2a562688fc181d5c21cfc8ac94756c797ffae355141a9bcbeb06b58a3a03905a.json,unknown
0c2e9e307abeec0d65aed6e8d113567b11fb496758466189e205e7fd7cb64f76,sha1:31e2f1a6726fde67ac0a641c000af2e2c826971f,validation,2a562688fc181d5c21cfc8ac94756c797ffae355141a9bcbeb06b58a3a03905a_CAPE Sandbox,CAPE Sandbox,1716553224,3,2,0,insufficient_events,0,0,raw/vt/behaviours/2a562688fc181d5c21cfc8ac94756c797ffae355141a9bcbeb06b58a3a03905a.json,unknown
da1067401569e7aac20c7c0be06f6005a6d3f27da8729fff6ca3549ff8a9fe3e,sha1:31e2f1a6726fde67ac0a641c000af2e2c826971f,validation,2a562688fc181d5c21cfc8ac94756c797ffae355141a9bcbeb06b58a3a03905a_Microsoft Sysinternals,Microsoft Sysinternals,1642686123,221,10,1,valid,0,0,raw/vt/behaviours/2a562688fc181d5c21cfc8ac94756c797ffae355141a9bcbeb06b58a3a03905a.json,unknown
7402e1ffbaf13af1502c66b5d121ffc086d197d3ebfb990d8e2a6f97baa1a1b1,sha1:31e2f1a6726fde67ac0a641c000af2e2c826971f,validation,2a562688fc181d5c21cfc8ac94756c797ffae355141a9bcbeb06b58a3a03905a_Sangfor ZSand,Sangfor ZSand,1641562442,108,4,0,valid,0,0,raw/vt/behaviours/2a562688fc181d5c21cfc8ac94756c797ffae355141a9bcbeb06b58a3a03905a.json,unknown
fdb977bb8d8efdd861174f491671598fb15160701a0c3d1c06b23fe61e7ab14e,sha1:31e2f1a6726fde67ac0a641c000af2e2c826971f,validation,2a562688fc181d5c21cfc8ac94756c797ffae355141a9bcbeb06b58a3a03905a_Tencent HABO,Tencent HABO,1648267741,96,5,0,valid,0,0,raw/vt/behaviours/2a562688fc181d5c21cfc8ac94756c797ffae355141a9bcbeb06b58a3a03905a.json,unknown
20ca95a9e9ae525d5094f91686eef7f36e421b1a3cc6de7080032b46d03aec0a,sha1:31e2f1a6726fde67ac0a641c000af2e2c826971f,validation,2a562688fc181d5c21cfc8ac94756c797ffae355141a9bcbeb06b58a3a03905a_VenusEye Sandbox,VenusEye Sandbox,1787933560,17,2,0,valid,0,0,raw/vt/behaviours/2a562688fc181d5c21cfc8ac94756c797ffae355141a9bcbeb06b58a3a03905a.json,unknown
331d3ac4b03937969d106137f8d69babe647967a7b20f1ec465103413e7ef2d5,sha1:31e2f1a6726fde67ac0a641c000af2e2c826971f,validation,2a562688fc181d5c21cfc8ac94756c797ffae355141a9bcbeb06b58a3a03905a_VirusTotal Jujubox,VirusTotal Jujubox,1598544131,31,4,0,valid,0,0,raw/vt/behaviours/2a562688fc181d5c21cfc8ac94756c797ffae355141a9bcbeb06b58a3a03905a.json,unknown
785fc5da4a843dec13d31dde7f982aa4e5c73ab8672c3dbbb18d2e2658a4f216,sha1:31e2f1a6726fde67ac0a641c000af2e2c826971f,validation,2a562688fc181d5c21cfc8ac94756c797ffae355141a9bcbeb06b58a3a03905a_Zenbox,Zenbox,1626994652,125,3,0,valid,0,0,raw/vt/behaviours/2a562688fc181d5c21cfc8ac94756c797ffae355141a9bcbeb06b58a3a03905a.json,unknown
d44c70578cb1ee681a28dc7ed34cc418e35ad2919a63b1e88d8dfedc78b217fe,sha1:17dcbb352b521926002c1c3a607471cb14808bb4,train,2d0dfb79e6f34a2695e0c750b9aabbe90e08aead26cd23c355eec13419f8885e_C2AE,C2AE,1693656792,1,1,0,insufficient_events,0,0,raw/vt/behaviours/2d0dfb79e6f34a2695e0c750b9aabbe90e08aead26cd23c355eec13419f8885e.json,unknown
6b1b8b3b698f279b431c36b49b501512e4cd47f92710942672904de6cdf51a67,sha1:17dcbb352b521926002c1c3a607471cb14808bb4,train,2d0dfb79e6f34a2695e0c750b9aabbe90e08aead26cd23c355eec13419f8885e_VirusTotal Jujubox,VirusTotal Jujubox,1693652750,18,4,1,valid,0,0,raw/vt/behaviours/2d0dfb79e6f34a2695e0c750b9aabbe90e08aead26cd23c355eec13419f8885e.json,unknown
